LABEL,alright,away,baby,band,beep,better,blue,bungalow,came,care,cause,change,children,come,coming,dance,dead,dear,didn,does,door,dooroo,easy,eyes,feel,forever,getting,girl,goes,going,gone,gonna,good,goodbye,happy,head,hear,hello,help,hide,hold,home,honey,joob,jude,just,kind,know,leave,life,like,listen,little,lonely,long,look,lose,love,make,mind,money,morning,mother,mystery,need,night,number,paperback,people,pepper,place,rain,really,remember,ride,right,road,robert,roll,round,said,shoot,sing,submarine,tell,things,think,tight,time,today,told,tonight,true,waiting,want,words,world,writer,yeah,yellow
Lennon,0.0,0.036088345930343546,0.0,0.0,0.0,0.0,0.0,0.0,0.0,0.0,0.0,0.6785840426702513,0.0,0.0,0.0,0.05445172168391161,0.0,0.0,0.0,0.0,0.0,0.0,0.0,0.039507036160614545,0.0,0.0,0.0,0.0,0.0,0.0,0.0,0.4992478163906864,0.0,0.0,0.0,0.0,0.0,0.0,0.0,0.0,0.0,0.0,0.0,0.0,0.0,0.0,0.0,0.0,0.0,0.04959978717873125,0.12434439145073839,0.0,0.0,0.0,0.0,0.0,0.0,0.025687225810692133,0.033358574501099,0.03769057671368744,0.0,0.0,0.0,0.0,0.0,0.0,0.0,0.0,0.0,0.0,0.0,0.04959978717873125,0.0,0.0,0.0,0.0,0.0,0.0,0.0,0.0,0.0,0.0,0.0,0.0,0.0,0.0,0.0,0.0,0.0,0.0,0.0,0.0,0.0,0.0,0.0,0.04711962346810419,0.5085782911577302,0.0,0.0,0.0
Lennon,0.0,0.0,0.0,0.0,0.0,0.0,0.0,0.0,0.0,0.0,0.0,0.0,0.0,0.21130234068272577,0.0,0.0,0.0,0.0,0.0,0.0,0.0,0.0,0.0,0.0,0.0,0.0,0.0,0.0,0.31435055559884034,0.0,0.0,0.0,0.0,0.0,0.0,0.0,0.12724920459064973,0.0,0.0,0.0,0.0,0.2319062498060747,0.0,0.0,0.0,0.3851590401228423,0.0,0.0,0.0,0.0,0.0,0.0,0.0,0.0,0.12009019458783052,0.0,0.0,0.0,0.0,0.0,0.0,0.0,0.0,0.0,0.0,0.0,0.0,0.0,0.0,0.0,0.0,0.0,0.0,0.0,0.0,0.0,0.0,0.0,0.0,0.0,0.0,0.0,0.0,0.0,0.0,0.0,0.0,0.0,0.0,0.0,0.0,0.0,0.0,0.0,0.4937233734097209,0.13601112470593474,0.0,0.0,0.6012746824283317,0.0
Lennon,0.0,0.0,0.0,0.0,0.0,0.0,0.0,0.0,0.0,0.0,0.0,0.0,0.0,0.0,0.0,0.0,0.0,0.0,0.0,0.0,0.0,0.0,0.07178368510570607,0.0,0.0,0.0,0.0,0.0,0.0,0.0,0.0,0.0,0.0,0.0,0.0,0.0,0.0,0.0,0.0,0.0,0.0,0.0,0.0,0.0,0.0,0.0,0.0,0.011264946421320086,0.0,0.0,0.0,0.0,0.0,0.0,0.0,0.0,0.0,0.7239967170865615,0.015164747647566859,0.0,0.0,0.0,0.0,0.0,0.6853627208027124,0.0,0.0,0.0,0.0,0.0,0.0,0.0,0.0,0.0,0.0,0.0,0.0,0.0,0.0,0.0,0.0,0.0,0.020040574151969553,0.0,0.0,0.0,0.0,0.0,0.013975118353676787,0.0,0.0,0.0,0.0,0.0,0.0,0.0,0.0,0.0,0.0,0.0
Lennon,0.0,0.0,0.0,0.0,0.0,0.0,0.0,0.0,0.0,0.0,0.0,0.0,0.0,0.0,0.0,0.0,0.0,0.0,0.0,0.0,0.0,0.0,0.0,0.0,0.0,0.0,0.0,0.0,0.0,0.0,0.0,0.0,0.0,0.0,0.0,0.0,0.4035756636928386,0.0,0.0,0.0,0.0,0.0,0.0,0.0,0.0,0.0,0.0,0.0,0.0,0.0,0.0,0.0,0.0,0.0,0.0,0.1838748599275742,0.0,0.0,0.0,0.0,0.0,0.0,0.0,0.0,0.0,0.0,0.0,0.0,0.0,0.0,0.0,0.0,0.0,0.0,0.0,0.0,0.0,0.0,0.0,0.791076961583618,0.0,0.0,0.2017878318464193,0.0,0.33507668144256303,0.0,0.0,0.0,0.0,0.0,0.0,0.0,0.0,0.0,0.15658623466094068,0.0,0.0,0.0,0.0,0.0
Lennon,0.0,0.0814706642748188,0.0,0.0,0.0,0.0,0.0,0.0,0.0,0.0,0.0,0.0,0.0,0.08262966118594772,0.0,0.0,0.0,0.0,0.0,0.0,0.0,0.0,0.0,0.08918847335777336,0.09068680823158648,0.0,0.0,0.0,0.0,0.0,0.0,0.0,0.0,0.0,0.0,0.0,0.0,0.0,0.0,0.0,0.0,0.0,0.0,0.0,0.0,0.1506162254768486,0.0,0.0,0.0,0.0,0.0,0.0,0.0,0.0,0.0,0.09068680823158648,0.0,0.05798978302340932,0.1506162254768486,0.0,0.0,0.0,0.0,0.0,0.17017550916254484,0.0,0.0,0.0,0.0,0.0,0.0,0.0,0.10391605386361134,0.0,0.0,0.09753949607333103,0.0,0.0,0.0,0.0,0.0,0.0,0.0,0.0,0.0,0.0,0.0,0.0,0.9022054022009972,0.0,0.0,0.2239464018185002,0.0,0.0,0.0,0.0,0.0,0.0,0.0,0.0
Lennon,0.0,0.0,0.0,0.0,0.0,0.0,0.3030259210815721,0.0,0.0,0.0,0.26755489234076385,0.0,0.0,0.0,0.0,0.0,0.0,0.0,0.0,0.0,0.0,0.0,0.0,0.0,0.0,0.0,0.0,0.0,0.35017858597520335,0.0,0.0,0.0,0.0,0.0,0.0,0.0,0.0,0.0,0.0,0.0,0.0,0.0,0.0,0.0,0.0,0.0,0.0,0.3187200543895969,0.0,0.0,0.0,0.0,0.0,0.0,0.0,0.0,0.0,0.4955830302793692,0.0,0.0,0.0,0.0,0.0,0.0,0.0,0.0,0.0,0.0,0.0,0.0,0.0,0.0,0.29602359923536603,0.0,0.0,0.0,0.0,0.0,0.0,0.0,0.0,0.0,0.0,0.0,0.23538547508710228,0.2628249663341542,0.0,0.0,0.09884979287062952,0.0,0.0,0.0,0.31063787829381423,0.0,0.21999815134306216,0.0,0.0,0.0,0.0,0.0
Lennon,0.0,0.0,0.0,0.0,0.0,0.0,0.5000936786717021,0.0,0.0,0.0,0.0,0.0,0.0,0.0,0.0,0.0,0.0,0.0,0.0,0.0,0.0,0.0,0.0,0.0,0.0,0.0,0.0,0.0,0.0,0.0,0.0,0.0,0.0,0.0,0.0,0.0,0.0,0.0,0.0,0.0,0.0,0.0,0.0,0.0,0.0,0.0,0.0,0.0,0.0,0.0,0.0,0.0,0.0,0.0,0.0,0.0,0.0,0.5452513541087755,0.0,0.20001029054025574,0.0,0.0,0.0,0.0,0.0,0.0,0.0,0.0,0.0,0.0,0.0,0.0,0.0,0.0,0.0,0.0,0.0,0.0,0.0,0.4585595905023666,0.0,0.0,0.0,0.0,0.0,0.0,0.0,0.0,0.0,0.0,0.0,0.0,0.0,0.0,0.0,0.0,0.4498069130543186,0.0,0.0,0.0
Lennon,0.0,0.0,0.0,0.3931548286680782,0.0,0.0,0.0,0.0,0.0,0.0,0.0,0.0,0.0,0.0,0.0,0.37857578657604346,0.0,0.0,0.0,0.0,0.0,0.0,0.0,0.0,0.0,0.0,0.0,0.0,0.0,0.0,0.0,0.0,0.0,0.0,0.0,0.0,0.0,0.0,0.0,0.0,0.0,0.0,0.0,0.0,0.0,0.0,0.0,0.0,0.0,0.0,0.0,0.0,0.0,0.0,0.0,0.0,0.0,0.0,0.0,0.0,0.0,0.0,0.0,0.0,0.0,0.0,0.0,0.0,0.0,0.0,0.0,0.0,0.0,0.0,0.0,0.0,0.0,0.0,0.0,0.0,0.0,0.0,0.3064951969135875,0.0,0.0,0.0,0.0,0.0,0.21373173339347173,0.0,0.0,0.6896853897180079,0.0,0.0,0.0,0.0,0.29465769654354285,0.0,0.0,0.0
Lennon,0.0,0.0,0.0,0.0,0.0,0.0,0.0,0.0,0.0,0.0,0.030541449171620428,0.0,0.0,0.5105167606695568,0.0,0.0,0.0,0.0,0.0,0.0,0.0,0.0,0.0,0.0,0.029489305789463172,0.0,0.0,0.0,0.0,0.0,0.0,0.0,0.028537526327230736,0.0,0.0,0.0,0.0,0.0,0.0,0.0,0.03746330423595574,0.0,0.0,0.0,0.0,0.02448850067916775,0.0,0.03638196355130861,0.0,0.0,0.0,0.0,0.0,0.0,0.0,0.0,0.0,0.0,0.0,0.0,0.0,0.0,0.0,0.0,0.0,0.0,0.0,0.0,0.0,0.0,0.0,0.0,0.0,0.0,0.0,0.1268705816136443,0.0,0.0,0.0,0.0,0.0,0.8233811441220187,0.0,0.0,0.026869303193134565,0.0,0.0,0.0,0.0,0.0,0.0,0.0,0.0,0.0,0.0,0.0,0.0,0.0,0.1966072273919406,0.0
Lennon,0.0,0.0,0.6592777186700788,0.0,0.0,0.3765618803390226,0.0,0.0,0.22999461133226928,0.0,0.0,0.0,0.1993373722554498,0.0,0.0,0.0,0.0,0.0,0.0,0.0,0.0,0.0,0.0,0.0,0.0,0.0,0.0,0.0,0.0,0.0,0.0,0.0,0.0,0.0,0.0,0.0,0.0,0.0,0.0,0.0,0.0,0.0,0.0,0.0,0.0,0.0,0.0,0.21166805771948125,0.0,0.0,0.0,0.0,0.0,0.0,0.0,0.0,0.0,0.0,0.2849452239108295,0.0,0.0,0.0,0.4496045412021027,0.0,0.0,0.0,0.0,0.0,0.0,0.0,0.0,0.0,0.0,0.0,0.0,0.0,0.0,0.0,0.0,0.052723239309085575,0.0,0.0,0.0,0.0,0.0,0.0,0.0,0.0,0.0,0.0,0.0,0.0,0.0,0.0,0.0,0.0,0.0,0.0,0.0,0.0
Lennon,0.0,0.0,0.0,0.0,0.0,0.0,0.0,0.0,0.0,0.0,0.0,0.0,0.0,0.0,0.0,0.0,0.0,0.0,0.0,0.0,0.0,0.0,0.42357461429586407,0.0,0.0,0.0,0.0,0.0,0.0,0.0,0.0,0.0,0.3128345749993551,0.0,0.0,0.0,0.0,0.0,0.0,0.0,0.0,0.0,0.0,0.0,0.0,0.0,0.0,0.0,0.0,0.0,0.0,0.0,0.0,0.0,0.5022030200819146,0.0,0.0,0.0,0.0,0.0,0.0,0.0,0.0,0.0,0.0,0.334802013387943,0.0,0.0,0.0,0.0,0.0,0.0,0.0,0.0,0.0,0.0,0.0,0.0,0.0,0.0,0.0,0.0,0.0,0.0,0.0,0.0,0.0,0.0,0.0,0.0,0.0,0.0,0.0,0.0,0.0,0.0,0.0,0.0,0.5986808943511281,0.0
Lennon,0.0,0.0,0.0,0.0,0.0,0.0,0.12431513851432659,0.0,0.0,0.0,0.0,0.0,0.0,0.19313184717182397,0.0,0.0,0.0,0.9344103954955123,0.0,0.0,0.0,0.0,0.0,0.10423094055328853,0.0,0.0,0.0,0.0,0.0,0.0,0.0,0.0,0.0,0.0,0.0,0.0,0.0,0.0,0.0,0.0,0.0,0.0,0.0,0.0,0.0,0.0,0.0,0.0,0.0,0.0,0.0410070399255785,0.0,0.0607212323802288,0.0,0.0,0.15897297535024124,0.0,0.0,0.0,0.0,0.0,0.0,0.0,0.0,0.0,0.0,0.0,0.0,0.0,0.0,0.0,0.0,0.0,0.0,0.0,0.0,0.0,0.0,0.0,0.17098566161180398,0.0,0.0,0.05815334050330905,0.0,0.0,0.0,0.0,0.0,0.0,0.0,0.0,0.0,0.0,0.0,0.0,0.0,0.0,0.0,0.0,0.0
Lennon,0.0,0.0,0.0,0.0,0.0,0.0,0.0,0.0,0.0,0.0,0.0,0.0,0.0,0.0,0.0,0.0,0.0,0.0,0.0,0.0,0.0,0.0,0.0,0.0,0.10924834304233913,0.0,0.0,0.0,0.0,0.0,0.0,0.0,0.0,0.0,0.0,0.0,0.0,0.0,0.0,0.0,0.0,0.0,0.0,0.0,0.0,0.27216593112336285,0.0,0.13478341141646788,0.0,0.0,0.253625249169769,0.0,0.0,0.0,0.0,0.0,0.0,0.0,0.0,0.0,0.0,0.0,0.0,0.0,0.0,0.0,0.0,0.0,0.0,0.0,0.26978315596339986,0.0,0.0,0.0,0.0,0.0,0.14808689874606573,0.0,0.1687900906918382,0.0,0.0,0.0,0.0,0.0,0.0,0.0,0.0,0.0,0.0,0.0,0.38443957474730633,0.0,0.0,0.0,0.7442795251807579,0.0,0.0,0.0,0.08092957862256091,0.0
Lennon,0.0,0.0,0.0,0.0,0.0,0.0,0.0,0.0,0.0,0.0,0.0,0.0,0.0,0.22921649795675525,0.0,0.0,0.0,0.0,0.0,0.0,0.0,0.0,0.0,0.0,0.0,0.0,0.0,0.0,0.0,0.0,0.0,0.0,0.0,0.0,0.0,0.0,0.0,0.0,0.0,0.0,0.0,0.0,0.0,0.0,0.0,0.0,0.0,0.0,0.0,0.0,0.9733754656166553,0.0,0.0,0.0,0.0,0.0,0.0,0.0,0.0,0.0,0.0,0.0,0.0,0.0,0.0,0.0,0.0,0.0,0.0,0.0,0.0,0.0,0.0,0.0,0.0,0.0,0.0,0.0,0.0,0.0,0.0,0.0,0.0,0.0,0.0,0.0,0.0,0.0,0.0,0.0,0.0,0.0,0.0,0.0,0.0,0.0,0.0,0.0,0.0,0.0
Lennon,0.0,0.0,0.0,0.0,0.0,0.0,0.0,0.0,0.0,0.14479094051774036,0.0,0.0,0.0,0.0,0.0,0.0,0.0,0.0,0.0,0.0,0.0,0.0,0.0,0.0,0.0,0.0,0.0,0.0,0.0,0.0,0.0,0.0,0.0,0.0,0.0,0.0,0.3638047027170078,0.0,0.0,0.0,0.0,0.0,0.0,0.0,0.0,0.09176394627994065,0.0,0.34082859875953264,0.0,0.0,0.0,0.37154989852518616,0.0,0.0,0.34333713661942683,0.0,0.0,0.28264531618944344,0.0,0.0,0.0,0.0,0.0,0.0,0.0,0.0,0.0,0.0,0.0,0.0,0.0,0.0,0.25324621312674184,0.0,0.0,0.0,0.0,0.0,0.0,0.0,0.0,0.0,0.0,0.0,0.30205605403499536,0.0,0.0,0.0,0.0,0.0,0.0,0.0,0.0,0.0,0.28231042491083697,0.38885497908632394,0.0,0.0,0.0,0.0
Lennon,0.0,0.0,0.0,0.0,0.0,0.07143004807592483,0.0,0.0,0.0,0.0,0.0,0.0,0.0,0.0,0.0,0.0,0.0,0.0,0.0,0.08822874520650942,0.0,0.0,0.0,0.0,0.0,0.0,0.0,0.0,0.0,0.0,0.0,0.0,0.0,0.0,0.0,0.0,0.0,0.0,0.0,0.0,0.0,0.0,0.0,0.0,0.0,0.027025639218487954,0.0,0.0,0.0,0.0,0.02518457932067348,0.0,0.0,0.0,0.0,0.0,0.0,0.0,0.05405127843697591,0.0,0.04411437260325471,0.0,0.0,0.0,0.03053523549596827,0.03370570527513622,0.0,0.0,0.0,0.0,0.0,0.0,0.0,0.0,0.0,0.0,0.0,0.984652742290028,0.0,0.0,0.09301282202532278,0.0,0.0,0.0,0.0,0.0,0.0,0.0,0.02490555830137648,0.0,0.0,0.0,0.0,0.0,0.0,0.0,0.0,0.0,0.0,0.0
Lennon,0.0,0.0,0.0,0.0,0.0,0.0,0.0,0.0,0.0,0.0,0.0,0.0,0.0,0.0,0.0,0.0,0.0,0.0,0.0,0.7497393623351154,0.0,0.0,0.0,0.0,0.0,0.18743484058377885,0.0,0.0,0.0,0.0,0.0,0.14321009508231985,0.26762723902011126,0.0,0.0,0.0,0.0,0.0,0.0,0.0,0.0,0.0,0.0,0.0,0.0,0.0,0.0,0.08529825206044672,0.0,0.0,0.21401041572522317,0.0,0.0,0.0,0.0,0.0,0.0,0.265263297062423,0.0,0.0,0.0,0.0,0.0,0.0,0.0,0.0,0.0,0.0,0.0,0.0,0.0,0.0,0.31689622583401633,0.0,0.0,0.0,0.0,0.0,0.0,0.0,0.0,0.0,0.0,0.0,0.0,0.0,0.0,0.0,0.2116393852793499,0.0,0.0,0.0,0.0,0.0,0.0,0.0,0.0,0.0,0.20486650468173304,0.0
Lennon,0.0,0.0,0.0,0.0,0.0,0.0,0.0,0.0,0.0,0.0,0.0,0.0,0.0,0.7935465663884473,0.0,0.0,0.0,0.0,0.0,0.0,0.0,0.0,0.5705812819697448,0.0,0.0,0.0,0.0,0.0,0.0,0.0,0.0,0.0,0.0,0.0,0.0,0.0,0.0,0.0,0.0,0.13830316061938547,0.0,0.0,0.0,0.0,0.0,0.0,0.0,0.0,0.0,0.0,0.0,0.0,0.0,0.0,0.0,0.0,0.0,0.0,0.15067353293360955,0.0,0.0,0.0,0.0,0.0,0.0,0.0,0.0,0.0,0.0,0.0,0.0,0.0,0.0,0.0,0.0,0.0,0.0,0.0,0.0,0.0,0.0,0.0,0.0,0.0,0.0,0.0,0.0,0.0,0.0,0.0,0.0,0.0,0.0,0.0,0.0,0.0,0.0,0.0,0.0537640202631938,0.0
Lennon,0.0,0.0,0.0,0.0,0.0,0.0,0.0,0.0,0.07259200969479844,0.0,0.0,0.0,0.0,0.0,0.0,0.0,0.07259200969479844,0.0,0.0,0.0,0.0,0.0,0.0,0.0,0.06188663159210078,0.0,0.0,0.9610073091282485,0.0,0.06791558788497228,0.0,0.0,0.059889215126734105,0.0,0.0,0.0,0.0,0.0,0.0,0.0,0.0,0.0,0.0,0.0,0.0,0.0,0.15724193197533984,0.038175825347872026,0.07091455380742219,0.0,0.0,0.06936147223629642,0.0,0.0,0.0,0.0,0.0,0.0,0.0,0.0,0.0,0.0,0.0,0.0,0.0,0.0,0.0,0.0,0.0,0.0,0.0,0.0,0.0,0.0,0.0,0.0,0.0,0.0,0.0,0.0,0.058957639059457355,0.0,0.0,0.0,0.0,0.0,0.064094673054267,0.0,0.04736033865869787,0.0,0.07259200969479844,0.0,0.0,0.0,0.05270211828127495,0.0,0.0,0.0,0.0,0.0
Lennon,0.0,0.0,0.0,0.0,0.0,0.0,0.0,0.0,0.0,0.0,0.0,0.0,0.0,0.0,0.0,0.0,0.0,0.0,0.0,0.0,0.0,0.0,0.0,0.0,0.0,0.0,0.0,0.0,0.0,0.0,0.0,0.0,0.0,0.0,0.0,0.0,0.0,0.0,0.0,0.0,0.0,0.0,0.0,0.0,0.0,0.0,0.0,0.17071719603487207,0.0,0.0,0.0,0.15508762345188165,0.0,0.0,0.0,0.0,0.0,0.0,0.22981762186363394,0.0,0.0,0.0,0.0,0.0,0.0,0.0,0.0,0.0,0.0,0.0,0.5125626006882956,0.0,0.0,0.0,0.0,0.0,0.0,0.0,0.0,0.0,0.0,0.0,0.0,0.0,0.1260803885440036,0.0,0.0,0.0,0.0,0.0,0.48693266890913556,0.0,0.0,0.0,0.0,0.0,0.0,0.0,0.6150343247821639,0.0
Lennon,0.0,0.0,0.0,0.0,0.0,0.0,0.0,0.0,0.0,0.0,0.0,0.0,0.0,0.0,0.0,0.0,0.0,0.0,0.0,0.0,0.0,0.0,0.0,0.0,0.025964521465798484,0.0,0.035195091790139285,0.0,0.035195091790139285,0.028493968634847565,0.0,0.0,0.6784156583828768,0.0,0.0,0.0,0.0,0.0,0.0,0.0,0.0,0.025964521465798484,0.0,0.0,0.0,0.0,0.0,0.016016658383551707,0.0,0.0641180483754143,0.02009262579474498,0.0,0.0,0.0,0.0,0.0,0.0,0.0,0.0,0.0,0.0,0.725678963997824,0.0,0.0,0.0,0.0,0.0,0.0,0.029752184069513226,0.0,0.0,0.0,0.0,0.0,0.0,0.0,0.0,0.0,0.0,0.027926513116348382,0.0,0.0,0.0,0.0,0.0,0.0,0.0,0.0,0.03974003748777964,0.0,0.0,0.0,0.0,0.0,0.02211116110546037,0.0,0.0,0.0,0.0,0.0
Lennon,0.0,0.0,0.0,0.0,0.0,0.0,0.0,0.0,0.0,0.0,0.0,0.0,0.0,0.0,0.0,0.0,0.0,0.0,0.0,0.0,0.0,0.0,0.0,0.1182457309397374,0.0,0.0,0.0,0.0,0.0,0.0,0.0,0.0,0.5817583662981163,0.0,0.0,0.0,0.0,0.0,0.0,0.0,0.0,0.0,0.0,0.0,0.0,0.0,0.0,0.0,0.0,0.0,0.0,0.0,0.0,0.0,0.0,0.0,0.0,0.0,0.0,0.0,0.0,0.0,0.0,0.0,0.0,0.6226098005384837,0.0,0.0,0.0,0.0,0.0,0.0,0.0,0.0,0.0,0.0,0.0,0.0,0.0,0.0,0.0,0.0,0.0,0.0,0.0,0.0,0.0,0.507755541338093,0.04600540044998929,0.0,0.0,0.0,0.0,0.0,0.0,0.0,0.0,0.0,0.0,0.0
Lennon,0.0,0.0,0.0,0.0,0.0,0.0,0.0,0.0,0.0,0.0,0.22954084469070687,0.0,0.0,0.0,0.0,0.0,0.0,0.0,0.0,0.0,0.0,0.0,0.0,0.10898569592665651,0.11081661715230241,0.0,0.0,0.09560095462417421,0.0,0.24322460304280522,0.0,0.0,0.0,0.0,0.0,0.0,0.0,0.0,0.0,0.0,0.14078176924258182,0.0,0.0,0.0,0.0,0.0,0.0,0.13671824473924932,0.0,0.0,0.08575535748708844,0.0,0.0,0.0,0.0,0.0,0.0,0.0,0.0,0.0,0.0,0.0,0.8712104844096591,0.0,0.2079494759525065,0.0,0.0,0.0,0.0,0.0,0.0,0.0,0.0,0.0,0.0,0.0,0.0,0.0,0.0,0.0,0.0,0.0,0.0,0.0,0.0,0.0,0.0,0.0,0.0,0.0,0.0,0.0,0.0,0.0,0.0,0.0,0.0,0.0,0.08209133320253482,0.0
Lennon,0.0,0.0,0.0,0.0,0.0,0.0,0.0,0.0,0.0,0.0,0.0,0.0,0.0,0.0,0.0,0.0,0.0,0.0,0.0,0.0,0.0,0.0,0.0,0.0,0.05508665141793611,0.0,0.0,0.0,0.0,0.0,0.11849847457309143,0.0,0.0,0.0,0.0,0.0,0.0,0.0,0.9383323300162619,0.0,0.0,0.0,0.0,0.0,0.0,0.09149008188203692,0.0,0.0679622829496075,0.0,0.06801682413264132,0.04262876458879154,0.0,0.0,0.0,0.0,0.0,0.0,0.0,0.0,0.1033711422411906,0.0,0.0,0.0,0.0,0.1550567133617859,0.0,0.0,0.0,0.0,0.0,0.0,0.0,0.0,0.0,0.0,0.0,0.0,0.0,0.0,0.17774771185963714,0.0,0.0,0.0,0.0,0.0,0.0,0.0,0.0,0.0,0.12923148767060103,0.0,0.0,0.0,0.0,0.0,0.0,0.0,0.0,0.0,0.0
Lennon,0.0,0.0,0.0,0.0,0.0,0.0,0.0,0.0,0.0,0.0,0.0,0.0,0.0,0.044159607054290444,0.0,0.0,0.05684932597168515,0.0,0.0,0.0,0.0,0.0,0.0,0.0,0.0,0.0,0.0,0.020905506300631416,0.0,0.0,0.0,0.0,0.0,0.0,0.0,0.0,0.0,0.0,0.0,0.0,0.0,0.0,0.0,0.9919437178032822,0.0,0.0,0.0,0.014948407879626507,0.0,0.0,0.05625757106632173,0.0,0.027767825980327024,0.0,0.025097383147471262,0.0,0.0,0.0,0.0,0.0,0.0,0.0,0.0,0.0,0.0,0.0,0.0,0.0,0.0,0.0,0.0,0.029920808592184527,0.0,0.0,0.0,0.0,0.0,0.0,0.0,0.0,0.0,0.0,0.0,0.0,0.0,0.0,0.025097383147471262,0.0,0.0,0.0,0.0,0.0,0.0,0.05431937979972678,0.0,0.0,0.0,0.0,0.0,0.034112685439024376
Lennon,0.0,0.0,0.0,0.0,0.0,0.0,0.0,0.0,0.0,0.0,0.0,0.0,0.0,0.0,0.0,0.0,0.0,0.0,0.0,0.0,0.0,0.0,0.0,0.0,0.0,0.0,0.0,0.0,0.0,0.0,0.13646158575788997,0.2628022687242161,0.0,0.0,0.0,0.0,0.0,0.0,0.0,0.0,0.0,0.0,0.0,0.0,0.0,0.2107180147207906,0.32236326743340116,0.31305857519066616,0.0,0.0,0.0,0.0,0.0,0.0,0.0,0.0,0.0,0.0,0.2107180147207906,0.0,0.0,0.0,0.0,0.0,0.0,0.7884068061726484,0.0,0.0,0.0,0.0,0.0,0.0,0.0,0.0,0.0,0.0,0.0,0.0,0.0,0.0,0.0,0.0,0.0,0.0,0.0,0.0,0.0,0.0,0.0,0.0,0.0,0.0,0.0,0.0,0.0,0.0,0.0,0.0,0.0,0.0
Lennon,0.0,0.0,0.0,0.0,0.0,0.0,0.0,0.0,0.0,0.40857193123806285,0.0,0.0,0.0,0.0,0.0,0.0,0.0,0.0,0.0,0.0,0.0,0.0,0.0,0.0,0.0,0.0,0.0,0.0,0.0,0.0,0.33538062034764055,0.0,0.0,0.0,0.0,0.0,0.0,0.0,0.0,0.0,0.0,0.0,0.0,0.0,0.0,0.0,0.0,0.19235043065319857,0.0,0.0,0.0,0.0,0.0,0.0,0.3229435867390208,0.31181828107037823,0.0,0.3987851114095244,0.0,0.0,0.0,0.0,0.0,0.0,0.0,0.0,0.0,0.0,0.0,0.0,0.0,0.0,0.0,0.0,0.0,0.0,0.0,0.0,0.0,0.0,0.0,0.0,0.0,0.0,0.0,0.0,0.3229435867390208,0.0,0.0,0.0,0.0,0.38500959196080053,0.0,0.0,0.26554174154362087,0.0,0.0,0.0,0.0,0.0
Lennon,0.0,0.0,0.43704235509472955,0.0,0.0,0.0,0.0,0.0,0.0,0.0,0.0,0.0,0.0,0.0,0.0,0.0,0.0,0.0,0.0,0.0,0.0,0.0,0.0,0.0,0.46793261471295117,0.0,0.0,0.13456106077443275,0.0,0.0,0.0,0.0,0.07547164954802106,0.0,0.0937775045701933,0.0,0.0,0.0,0.0,0.0,0.0,0.0,0.0,0.0,0.0,0.0,0.0,0.481087038085913,0.0,0.0,0.0,0.0,0.17873129048301517,0.0,0.0,0.0,0.0,0.2992200445238442,0.0,0.0,0.0,0.0,0.0,0.0,0.0,0.0,0.0,0.0,0.0,0.0,0.0,0.0,0.0,0.0,0.0,0.0,0.0,0.0,0.0,0.0,0.3714884444434638,0.0,0.0,0.0,0.0,0.15868682606858284,0.0,0.0,0.11936582819330586,0.0,0.0,0.0,0.0,0.0,0.0,0.0,0.16456171211928275,0.0,0.0,0.0
Lennon,0.0,0.0,0.0,0.0,0.0,0.1279690521225464,0.0,0.0,0.0,0.0,0.0,0.0,0.0,0.0,0.0,0.0,0.0,0.0,0.0,0.0,0.0,0.0,0.0,0.0,0.0,0.0,0.0,0.10059807595297489,0.0,0.0,0.0,0.4830781746747688,0.0,0.0,0.0,0.0,0.0,0.0,0.0,0.0,0.0,0.0,0.0,0.0,0.0,0.0,0.0,0.0,0.0,0.0,0.09023784333299123,0.0,0.0,0.0,0.0,0.0,0.0,0.8202238362189368,0.0,0.0,0.0,0.0,0.0,0.0,0.0,0.0,0.0,0.0,0.0,0.0,0.0,0.0,0.0,0.0,0.0,0.0,0.0,0.0,0.0,0.0,0.0,0.0,0.0,0.0,0.21249767600064587,0.11863453877153865,0.0,0.0,0.0,0.0,0.0,0.0,0.0,0.0,0.0,0.0,0.0,0.0,0.0,0.0
Lennon,0.0,0.0,0.0,0.0,0.0,0.0,0.0,0.0,0.0,0.0,0.0,0.0,0.0,0.0,0.0,0.0,0.0,0.0,0.0,0.0,0.0,0.0,0.0,0.0,0.0,0.0,0.0,0.0,0.0,0.0,0.0,0.0,0.0,0.0,0.0,0.0,0.0,0.0,0.0,0.0,0.0,0.0,0.0,0.0,0.0,0.0,0.0,0.0602150790364181,0.0,0.0,0.0,0.0,0.0,0.0,0.0,0.0,0.0,0.0,0.0,0.0,0.0,0.0,0.0,0.0,0.0,0.0,0.0,0.0,0.0,0.0,0.0,0.0,0.0,0.0,0.0,0.0,0.0,0.0,0.0,0.0,0.0,0.0,0.0,0.0,0.0,0.0,0.0,0.0,0.0,0.0,0.0,0.0,0.0,0.0,0.9975304074060113,0.0,0.0,0.0,0.03615564350188358,0.0
Lennon,0.0,0.0,0.0,0.0,0.0,0.0,0.0,0.0,0.0,0.0,0.35973009241946996,0.0,0.0,0.0,0.0,0.0,0.0,0.0,0.0,0.0,0.0,0.0,0.0,0.0,0.0,0.0,0.0,0.0,0.0,0.0,0.0,0.0,0.0,0.0,0.0,0.0,0.0,0.0,0.15170412069837708,0.14708620864070207,0.0,0.0,0.0,0.0,0.0,0.09614530254747435,0.0,0.0,0.0,0.0,0.08959562357587375,0.0,0.0,0.0,0.0,0.0,0.0,0.8884214511359013,0.0,0.0,0.0,0.0,0.0,0.0,0.0,0.0,0.0,0.0,0.0,0.0,0.0,0.0,0.0,0.0,0.0,0.0,0.0,0.0,0.0,0.0,0.0,0.0,0.0,0.0,0.0,0.0,0.0,0.0,0.0,0.0,0.0,0.0,0.13921852532763,0.0,0.0,0.0,0.0,0.0,0.0,0.0
Lennon,0.0,0.17679336213903213,0.0,0.0,0.0,0.4319280705996835,0.0,0.0,0.23083453787908417,0.0,0.20381395000905814,0.0,0.0,0.0,0.0,0.0,0.0,0.0,0.0,0.0,0.0,0.0,0.0,0.0,0.0,0.0,0.0,0.0,0.0,0.0,0.0,0.0,0.0,0.27702653794184784,0.0,0.0,0.0,0.0,0.0,0.0,0.0,0.0,0.0,0.0,0.0,0.0,0.0,0.24278977918860706,0.4510008284895495,0.0,0.0,0.0,0.0,0.0,0.0,0.0,0.0,0.12583926744280008,0.0,0.0,0.0,0.0,0.0,0.0,0.0,0.0,0.0,0.0,0.0,0.0,0.0,0.0,0.0,0.0,0.0,0.0,0.0,0.0,0.0,0.0,0.0,0.0,0.0,0.0,0.0,0.40042171593959924,0.0,0.0,0.30120124608868093,0.0,0.23083453787908417,0.0,0.0,0.0,0.1675868896570672,0.0,0.0,0.0,0.0,0.0
Lennon,0.0,0.17577132096266165,0.0,0.0,0.0,0.2147155487389154,0.0,0.0,0.0,0.0,0.20263570300528116,0.0,0.0,0.17827183350756476,0.0,0.0,0.0,0.0,0.0,0.0,0.0,0.0,0.0,0.0,0.0,0.0,0.0,0.08439529215093904,0.0,0.0,0.0,0.6079071090158435,0.0,0.0,0.0,0.0,0.0,0.0,0.0,0.49712133488463706,0.0,0.0,0.0,0.0,0.0,0.08123786993184748,0.0,0.0,0.0,0.0,0.0,0.0,0.0,0.0,0.0,0.0,0.0,0.0,0.08123786993184748,0.0,0.0,0.0,0.0,0.0,0.0,0.0,0.0,0.0,0.3362951969169032,0.0,0.0,0.0,0.0,0.0,0.0,0.0,0.0,0.0,0.0,0.21043950265348288,0.0,0.0,0.0,0.0,0.0,0.0,0.0,0.0,0.0,0.11475004252395035,0.0,0.0,0.0,0.0,0.0,0.0,0.2064227747794988,0.0,0.0,0.0
Lennon,0.0,0.0,0.0,0.0,0.0,0.0,0.0,0.0,0.0,0.0,0.0,0.0,0.0,0.0,0.0,0.0,0.0,0.0,0.0,0.0,0.0,0.0,0.0,0.0,0.0,0.0,0.0,0.2741145312258977,0.0,0.0,0.0,0.0,0.0,0.0,0.0,0.0,0.0,0.0,0.0,0.0,0.0,0.0,0.0,0.0,0.0,0.0,0.0,0.0,0.0,0.0,0.491768930762088,0.0,0.0,0.0,0.0,0.0,0.4669056032002426,0.40636105653942195,0.0,0.0,0.0,0.0,0.0,0.0,0.0,0.0,0.0,0.0,0.0,0.0,0.0,0.3923238357972107,0.0,0.0,0.0,0.0,0.0,0.0,0.0,0.0,0.0,0.0,0.0,0.0,0.0,0.0,0.0,0.0,0.0,0.0,0.0,0.0,0.38206857997179583,0.0,0.0,0.0,0.0,0.0,0.0,0.0
Lennon,0.0,0.0,0.0,0.0,0.0,0.0,0.0,0.0,0.0,0.0,0.1837405025964928,0.0,0.0,0.0,0.0,0.7815647236863579,0.0,0.0,0.0,0.0,0.0,0.0,0.0,0.0,0.0,0.0,0.0,0.0,0.0,0.0,0.0,0.0,0.0,0.0,0.37332275602125364,0.0,0.0,0.0,0.0,0.0,0.11269154764987545,0.0,0.0,0.0,0.0,0.3314820178969504,0.0,0.0,0.0,0.0,0.0,0.0,0.0,0.0,0.0,0.0,0.0,0.11344547439116387,0.0,0.0,0.0,0.0,0.0,0.0,0.12484294879308383,0.0459351256491232,0.0,0.0,0.0,0.0,0.1095266461948917,0.0,0.05082277175729482,0.0,0.0,0.0,0.0,0.0,0.0,0.0,0.0,0.0,0.0,0.0,0.0,0.0,0.1378053769473696,0.062435612615990344,0.0,0.0,0.0,0.0,0.0,0.0,0.07554070595463164,0.0,0.14038083056009848,0.0,0.0,0.0
Lennon,0.0,0.29029623156241213,0.0,0.0,0.0,0.0,0.0,0.0,0.0,0.0,0.0,0.0,0.0,0.0,0.0,0.0,0.0,0.0,0.0,0.0,0.0,0.0,0.0,0.0,0.0,0.0,0.0,0.0,0.0,0.3546148160882475,0.0,0.0,0.0,0.0,0.0,0.3409188330551057,0.0,0.0,0.0,0.0,0.0,0.0,0.0,0.0,0.0,0.0,0.0,0.0,0.37027363289545373,0.0,0.0,0.0,0.0,0.0,0.0,0.0,0.0,0.0,0.0,0.1515923229969619,0.0,0.41051193492748944,0.0,0.0,0.1515923229969619,0.0,0.0,0.0,0.0,0.0,0.0,0.0,0.0,0.0,0.0,0.0,0.0,0.0,0.0,0.0,0.0,0.0,0.0,0.0,0.0,0.0,0.33466427082794176,0.0,0.24728752715468183,0.0,0.0,0.0,0.0,0.18108218221082972,0.0,0.0,0.3409188330551057,0.0,0.0,0.0
Lennon,0.0,0.0,0.0,0.0,0.0,0.0,0.0,0.0,0.0,0.0,0.0,0.0,0.0,0.0,0.0,0.0,0.0,0.0,0.0,0.0,0.0,0.0,0.0,0.0,0.0,0.0,0.0,0.0,0.0,0.2425696435127468,0.0,0.0,0.0,0.0,0.0,0.0,0.0,0.0,0.0,0.0,0.0,0.0,0.0,0.0,0.0,0.0,0.0,0.5454003496883361,0.0,0.0,0.0,0.0,0.5065617061598942,0.0,0.0,0.0,0.0,0.0,0.0,0.6221685177331916,0.0,0.0,0.0,0.0,0.0,0.0,0.0,0.0,0.0,0.0,0.0,0.0,0.0,0.0,0.0,0.0,0.0,0.0,0.0,0.0,0.0,0.0,0.0,0.0,0.0,0.0,0.0,0.0,0.0,0.0,0.0,0.0,0.0,0.0,0.0,0.0,0.0,0.0,0.0,0.0
Lennon,0.0,0.0,0.0,0.0,0.0,0.0,0.0,0.0,0.0,0.0,0.0,0.0,0.0,0.0335307637382103,0.4144328166781301,0.0,0.0,0.0,0.0,0.0,0.0,0.0,0.0,0.0361923017159817,0.0,0.0,0.0,0.0,0.0,0.0,0.0,0.0,0.07122514834666989,0.0,0.044250501443874095,0.0,0.0,0.0,0.0,0.0,0.0,0.2208019176655784,0.0,0.0,0.0,0.0,0.0,0.09080362191772884,0.042168691008749454,0.0,0.056955800401976495,0.0,0.0,0.0,0.4573597353240605,0.0,0.0,0.0,0.0,0.0,0.0,0.0,0.0,0.0,0.0,0.07622662255401008,0.0,0.0,0.0,0.0,0.0,0.0,0.0,0.0,0.0,0.0,0.0,0.0,0.0,0.0,0.0,0.0,0.0,0.0,0.0,0.0,0.0,0.0,0.0,0.0,0.0,0.0,0.0,0.0,0.0,0.0,0.0,0.0,0.7360507762540175,0.0
Lennon,0.0,0.0,0.0,0.0,0.0,0.0,0.0,0.0,0.0,0.0,0.0,0.0,0.0,0.0,0.0,0.0,0.0,0.0,0.0,0.0,0.0,0.0,0.0,0.0,0.442432654830754,0.0,0.0,0.19084224571029984,0.0,0.0,0.0,0.0,0.0,0.0,0.0,0.0,0.0,0.0,0.0,0.0,0.0,0.0,0.0,0.0,0.0,0.36740479567953044,0.0,0.0,0.0,0.0,0.0,0.0,0.0,0.0,0.0,0.0,0.0,0.5658281321487751,0.18370239783976522,0.0,0.0,0.0,0.0,0.0,0.0,0.22910906305917048,0.0,0.0,0.0,0.0,0.0,0.0,0.0,0.0,0.0,0.4758647816601275,0.0,0.0,0.0,0.0,0.0,0.0,0.0,0.0,0.0,0.0,0.0,0.0,0.0,0.0,0.0,0.0,0.0,0.0,0.0,0.0,0.0,0.0,0.0,0.0
Lennon,0.0,0.0,0.0,0.0,0.0,0.0,0.0,0.0,0.0,0.0,0.0,0.0,0.0,0.0,0.0,0.0,0.0,0.0,0.0,0.0,0.0,0.0,0.0,0.12943930565474995,0.0,0.0,0.0,0.0,0.0,0.0,0.0,0.0,0.0,0.0,0.0,0.0,0.0,0.0,0.0,0.0,0.0,0.0,0.0,0.0,0.0,0.10929472672918762,0.0,0.0,0.0,0.0,0.0,0.0,0.0,0.0,0.0,0.0,0.0,0.4208031019607926,0.0,0.12348792907959058,0.0,0.16720262512128425,0.0,0.0,0.0,0.0,0.0,0.0,0.0,0.0,0.0,0.0,0.0,0.0,0.0,0.0,0.0,0.0,0.0,0.0,0.0,0.0,0.8666134615647096,0.0,0.0,0.0,0.0,0.0,0.0,0.0,0.0,0.0,0.0,0.0,0.0,0.0,0.0,0.0,0.0,0.0
Lennon,0.0,0.16176837064537292,0.0,0.0,0.0,0.0,0.0,0.0,0.0,0.0,0.0,0.0,0.0,0.0,0.0,0.0,0.0,0.0,0.0,0.0,0.0,0.0,0.0,0.5312786195077579,0.0,0.0,0.0,0.46603127836643304,0.0,0.0,0.38734937277860076,0.0,0.0,0.0,0.0,0.37995590813440794,0.0,0.0,0.0,0.0,0.0,0.0,0.0,0.0,0.0,0.0,0.0,0.0,0.0,0.0,0.0,0.0,0.0,0.0,0.0,0.18006797093450808,0.0,0.0,0.0,0.0,0.0,0.0,0.0,0.0,0.0,0.0,0.0,0.0,0.20633599673016295,0.0,0.0,0.0,0.0,0.0,0.0,0.0,0.0,0.0,0.0,0.0,0.0,0.0,0.0,0.0,0.0,0.0,0.0,0.0,0.0,0.0,0.0,0.0,0.0,0.20181708464828305,0.0,0.0,0.0,0.0,0.0,0.2534831122965975
Lennon,0.0,0.0,0.0,0.0,0.0,0.0,0.0,0.0,0.0,0.0,0.0,0.0,0.0,0.0,0.0,0.0,0.0,0.0,0.0,0.0,0.0,0.0,0.0,0.0,0.0,0.0,0.0,0.0,0.0,0.0,0.0,0.0,0.0,0.0,0.0,0.0,0.0,0.0,0.0,0.0,0.0,0.0,0.0,0.0,0.0,0.0,0.0,0.0,0.0,0.0,0.0,0.0,0.0,0.0,0.0,0.47880644902450514,0.0,0.0,0.0,0.0,0.0,0.0,0.0,0.0,0.0,0.0,0.0,0.0,0.0,0.0,0.5911939317166507,0.0,0.0,0.0,0.0,0.0,0.6490255152718976,0.0,0.0,0.0,0.0,0.0,0.0,0.0,0.0,0.0,0.0,0.0,0.0,0.0,0.0,0.0,0.0,0.0,0.0,0.0,0.0,0.0,0.0,0.0
Lennon,0.0,0.0,0.0,0.0,0.0,0.0,0.0,0.0,0.14742602650240688,0.0,0.6508445632025637,0.0,0.0,0.0,0.0,0.0,0.0,0.0,0.0,0.0,0.4533880261583367,0.0,0.0,0.0,0.0,0.0,0.0,0.0,0.0,0.0,0.0,0.0,0.0,0.0,0.0,0.0,0.0,0.0,0.0,0.0,0.0,0.25136926853522557,0.0,0.0,0.0,0.0,0.0,0.23259213774969723,0.0,0.0,0.0,0.0,0.0,0.0,0.0,0.0,0.0,0.08036918282472798,0.0,0.0,0.0,0.0,0.0,0.0,0.0,0.0,0.0,0.0,0.0,0.0,0.310371730541317,0.0,0.0,0.0,0.0,0.0,0.0,0.0,0.0,0.0,0.3592085614536326,0.0,0.0,0.0,0.0,0.0,0.0,0.0,0.0,0.0,0.0,0.0,0.0,0.0,0.0,0.0,0.0,0.0,0.0,0.0
Lennon,0.0,0.0,0.0,0.0,0.0,0.0,0.0,0.0,0.0,0.0,0.0,0.0,0.0,0.0,0.0,0.0,0.0,0.0,0.2560045813483788,0.0,0.0,0.0,0.0,0.0,0.0,0.0,0.0,0.17886900923416174,0.0,0.0,0.0,0.0,0.4012911046399056,0.0,0.0,0.0,0.0,0.0,0.0,0.0,0.0,0.0,0.0,0.0,0.0,0.0,0.0,0.0,0.0,0.0,0.0,0.0,0.0,0.0,0.0,0.0,0.0,0.0,0.0,0.0,0.0,0.26340213527831713,0.0,0.0,0.0,0.0,0.0,0.0,0.0,0.0,0.0,0.0,0.0,0.0,0.0,0.0,0.0,0.0,0.0,0.0,0.19752451301176932,0.0,0.0,0.0,0.0,0.0,0.0,0.0,0.3173406526742921,0.0,0.7296103571439044,0.0,0.0,0.0,0.0,0.0,0.0,0.0,0.0,0.0
Lennon,0.0,0.0,0.0,0.0,0.0,0.0,0.0,0.0,0.0,0.0,0.0,0.5305505777484298,0.0,0.0,0.0,0.0,0.0,0.0,0.0,0.0,0.0,0.0,0.0,0.0,0.0,0.0,0.0,0.0,0.0,0.0,0.0,0.0,0.0,0.0,0.0,0.0,0.0,0.0,0.0,0.0,0.0,0.0,0.0,0.0,0.0,0.0,0.0,0.23249082664955528,0.0,0.0,0.0,0.0,0.0,0.0,0.0,0.0,0.0,0.0,0.0,0.35362029155469915,0.0,0.0,0.0,0.0,0.0,0.0,0.0,0.0,0.0,0.0,0.0,0.0,0.0,0.0,0.0,0.0,0.0,0.0,0.0,0.0,0.0,0.0,0.0,0.0,0.0,0.0,0.0,0.0,0.7210613120232984,0.0,0.0,0.0,0.0,0.0,0.0,0.0,0.0,0.0,0.1395971836342799,0.0
Lennon,0.0,0.0,0.0,0.0,0.0,0.0,0.0,0.0,0.0,0.0,0.0,0.0,0.0,0.0,0.0,0.0,0.0,0.0,0.0,0.0,0.0,0.0,0.0,0.0,0.0,0.0,0.0,0.0,0.0,0.4812493255486122,0.0,0.0,0.0,0.0,0.0,0.0,0.0,0.0,0.0,0.0,0.0,0.0,0.0,0.0,0.0,0.1820812248732209,0.0,0.27051360038348765,0.2512499873313629,0.0,0.33935471524300004,0.4914948507743462,0.0,0.0,0.0,0.0,0.0,0.0,0.0,0.0,0.0,0.0,0.0,0.0,0.0,0.0,0.0,0.0,0.0,0.0,0.0,0.0,0.0,0.0,0.0,0.0,0.0,0.0,0.0,0.0,0.0,0.0,0.0,0.0,0.0,0.0,0.0,0.0,0.16779749500111035,0.0,0.0,0.0,0.0,0.0,0.0,0.0,0.4626624467765067,0.0,0.0,0.0
Lennon,0.0,0.0,0.3000339443034916,0.0,0.0,0.0,0.0,0.0,0.0,0.0,0.0,0.0,0.0,0.19513302445264954,0.0,0.0,0.0,0.0,0.0,0.0,0.0,0.0,0.0,0.0,0.0,0.0,0.0,0.0,0.0,0.0,0.0,0.0,0.0,0.0,0.0,0.0,0.0,0.0,0.0,0.0,0.0,0.1070801387431826,0.23602312257545233,0.0,0.0,0.0,0.0,0.0,0.0,0.0,0.0,0.0,0.0,0.0,0.0,0.0,0.0,0.0,0.0,0.0,0.0,0.0,0.0,0.0,0.0,0.0,0.15734874838363488,0.0,0.0,0.0,0.0,0.0,0.0,0.0,0.0,0.11517157761027626,0.0,0.0,0.0,0.11517157761027626,0.8671038004229565,0.0,0.0,0.0,0.0,0.0,0.0,0.0,0.0,0.0,0.0,0.0,0.0,0.0,0.0,0.0,0.0,0.0,0.039661702255624334,0.0
Lennon,0.0,0.0,0.0,0.0,0.0,0.0,0.08555746399406043,0.0,0.0,0.0,0.0,0.0,0.0,0.7975153110707638,0.0,0.0,0.0,0.0,0.0,0.0,0.0,0.0,0.0,0.0,0.0,0.0,0.0,0.25170002592252116,0.0,0.0,0.0,0.0,0.0,0.0,0.0,0.0,0.0,0.0,0.0,0.0,0.0,0.0,0.0,0.0,0.0,0.0,0.0,0.0899886038801359,0.0,0.0,0.2822229363104761,0.0,0.0,0.0,0.0,0.0,0.0,0.09328316890703776,0.06057083708877504,0.0,0.0,0.0,0.0,0.0,0.06843667081252312,0.15108488400051728,0.0,0.0,0.0,0.0,0.0,0.09006082165596936,0.0,0.0,0.0,0.0,0.0,0.0,0.0,0.0,0.13897579367790336,0.0,0.0,0.0,0.0,0.0,0.0,0.0,0.0,0.0,0.0,0.0,0.0,0.0,0.06211509512160525,0.17111492798812086,0.0,0.0,0.32419745351372553,0.0
Lennon,0.0,0.0,0.0,0.0,0.0,0.0,0.0,0.0,0.0,0.0,0.0,0.0,0.0,0.0,0.0,0.0,0.0,0.0,0.0,0.0,0.0,0.0,0.0,0.0,0.0,0.0,0.0,0.17336598432775877,0.0,0.0,0.0,0.0,0.19447255747583087,0.0,0.0,0.0,0.0,0.0,0.0,0.0,0.0,0.0,0.0,0.0,0.0,0.0,0.2552983921142975,0.0,0.0,0.0,0.1555116475622363,0.0,0.0,0.0,0.0,0.0,0.0,0.0,0.0,0.0,0.0,0.0,0.0,0.0,0.0,0.0,0.0,0.0,0.0,0.0,0.0,0.0,0.0,0.0,0.0,0.0,0.0,0.0,0.0,0.0,0.0,0.0,0.0,0.0,0.0,0.0,0.0,0.0,0.0,0.0,0.0,0.0,0.0,0.0,0.0,0.0,0.2120182691785189,0.0,0.893203096645861,0.0
Lennon,0.0,0.0,0.0,0.0,0.0,0.0,0.0,0.0,0.0,0.0,0.0,0.0,0.0,0.0,0.0,0.0,0.133392740078334,0.0,0.0,0.0,0.0,0.0,0.0,0.0,0.0,0.0,0.0,0.0,0.0,0.0,0.0,0.0,0.0,0.0,0.0,0.0,0.3743984937225057,0.0,0.0,0.1444713560733981,0.0,0.0,0.0,0.0,0.0,0.0944360614600614,0.0,0.0,0.0,0.0,0.0,0.0,0.0,0.0,0.0,0.0,0.0,0.0,0.0,0.32009907547593347,0.0,0.0,0.0,0.0,0.0,0.0,0.0,0.0,0.0,0.0,0.0,0.8424835809927637,0.0,0.0,0.0,0.0,0.0,0.0,0.0,0.0,0.0,0.0,0.0,0.0,0.0,0.0,0.0,0.0,0.0,0.0,0.0,0.0,0.0,0.0,0.0,0.0,0.0,0.0,0.0,0.0
Lennon,0.9593803489585191,0.0,0.0,0.0,0.0,0.029628080357495222,0.0,0.0,0.0,0.0,0.0,0.15202095137561603,0.0,0.0,0.0,0.0,0.0,0.0,0.0,0.0,0.0,0.0,0.0,0.0,0.0,0.0,0.0,0.0,0.0,0.0,0.0,0.11184484639700217,0.0,0.0,0.0,0.02848378049332983,0.0,0.0,0.0,0.0,0.0,0.0,0.0,0.0,0.0,0.0,0.0,0.166541504880462,0.0,0.0,0.0,0.0,0.0,0.0,0.0,0.0,0.0,0.017263874157320606,0.022419635210855014,0.025331087837095083,0.03659592038970621,0.0,0.0,0.0,0.0,0.0,0.0,0.0,0.030936375052524966,0.0,0.0,0.0,0.0,0.0,0.0,0.0,0.0,0.0,0.0,0.0,0.0,0.0,0.0,0.0,0.07379790014736151,0.0,0.0,0.0,0.0,0.0,0.0,0.0,0.0,0.0,0.04598245098290132,0.0,0.05696756098665966,0.0,0.0,0.0
Lennon,0.0,0.0,0.04253641231553493,0.0,0.0,0.2498982812030389,0.0,0.0,0.0,0.0,0.0,0.0,0.0,0.0,0.0,0.0,0.13355268662717742,0.0,0.0,0.0,0.0,0.0,0.0,0.0,0.0,0.0,0.0,0.5238617901440142,0.0,0.0,0.0,0.0,0.0,0.0,0.0,0.2402466748287683,0.0,0.0,0.0,0.1928594488020194,0.0,0.0,0.0,0.0,0.0,0.03151643214134449,0.0,0.07023478287560815,0.0,0.2343038259611651,0.0,0.0,0.6958216087797993,0.0,0.0,0.0,0.0,0.0,0.03151643214134449,0.03560921055922022,0.0,0.0,0.0,0.0,0.0,0.0,0.0,0.0,0.0,0.0,0.0,0.0,0.0,0.0,0.0,0.0,0.0,0.0,0.0,0.0,0.036156188202580056,0.0,0.0,0.0,0.0,0.0,0.0,0.0,0.0,0.0,0.0,0.0,0.0,0.0,0.0,0.0,0.0,0.0,0.0,0.0
Lennon,0.0,0.0,0.0,0.0,0.0,0.0,0.0,0.0,0.17503615489257005,0.0,0.0,0.0,0.0,0.0,0.0,0.0,0.0,0.0,0.0,0.0,0.0,0.0,0.0,0.0,0.0,0.0,0.0,0.0,0.0,0.0,0.0,0.0,0.0,0.0,0.0,0.0,0.0,0.0,0.0,0.0,0.0,0.0,0.0,0.0,0.0,0.4956709059716624,0.0,0.1841015204520681,0.0,0.0,0.0,0.0,0.0,0.0,0.0,0.0,0.0,0.0,0.0,0.0,0.0,0.0,0.0,0.0,0.0,0.0,0.0,0.0,0.0,0.0,0.0,0.0,0.0,0.0,0.0,0.0,0.0,0.0,0.0,0.0,0.0,0.0,0.0,0.0,0.0,0.0,0.4636413222756885,0.0,0.0,0.0,0.0,0.0,0.0,0.5017397417004845,0.0,0.0,0.4723063449686808,0.0,0.0,0.0
Lennon,0.0,0.0,0.0,0.0,0.0,0.0,0.0,0.0,0.0,0.0,0.12931285287133795,0.0,0.0,0.0,0.0,0.0,0.21968471220729502,0.0,0.0,0.0,0.0,0.0,0.0,0.0,0.31214516372508644,0.0,0.0,0.0,0.0,0.0,0.0,0.0,0.0,0.0,0.0,0.06586479457585757,0.0,0.0,0.0,0.0,0.0,0.0,0.0,0.0,0.0,0.0,0.0,0.42361456235986555,0.14307215913515414,0.0,0.3381746267606233,0.0,0.0,0.0,0.0,0.0,0.0,0.0,0.05184229909279163,0.0,0.0,0.0,0.0,0.0,0.0,0.0,0.0,0.0,0.0,0.0,0.0,0.0,0.0,0.0,0.0,0.26858576293673325,0.0,0.0,0.0,0.0,0.6542180618325545,0.0,0.0,0.0,0.0,0.12702681646051417,0.0,0.0,0.0,0.0,0.0,0.0,0.0,0.0,0.0,0.0,0.0,0.0,0.0,0.0
Lennon,0.0,0.0,0.0,0.0,0.0,0.0,0.0,0.0,0.0,0.0,0.34868150833111045,0.0,0.0,0.0,0.0,0.0,0.0,0.0,0.0,0.0,0.0,0.0,0.11028356274571986,0.08277676439987602,0.0,0.6845368989977899,0.11408948316629831,0.0,0.0,0.3694676717186204,0.0,0.0,0.0,0.0,0.0,0.0,0.0,0.0,0.0,0.0,0.0,0.0,0.0,0.0,0.0,0.0,0.0,0.2076803536045947,0.0,0.0,0.0,0.0,0.0,0.0,0.0,0.0,0.0,0.0,0.0,0.0,0.0,0.0,0.0,0.0,0.0,0.0,0.0,0.0,0.0,0.0,0.0,0.0,0.0,0.0,0.0,0.09052743681076869,0.0,0.0,0.0,0.0,0.0,0.0,0.0,0.0,0.0,0.0,0.43585188541388803,0.0,0.0,0.0,0.0,0.0,0.0,0.0,0.0,0.0,0.0,0.0,0.0,0.0
Lennon,0.0,0.0,0.0,0.0,0.0,0.0,0.0,0.0,0.0,0.0,0.0,0.0,0.0,0.9153489311403206,0.0,0.0,0.0,0.0,0.0,0.0,0.0,0.0,0.0,0.0,0.0,0.0,0.0,0.0,0.0,0.0,0.0,0.0,0.0,0.0,0.40266156292881083,0.0,0.0,0.0,0.0,0.0,0.0,0.0,0.0,0.0,0.0,0.0,0.0,0.0,0.0,0.0,0.0,0.0,0.0,0.0,0.0,0.0,0.0,0.0,0.0,0.0,0.0,0.0,0.0,0.0,0.0,0.0,0.0,0.0,0.0,0.0,0.0,0.0,0.0,0.0,0.0,0.0,0.0,0.0,0.0,0.0,0.0,0.0,0.0,0.0,0.0,0.0,0.0,0.0,0.0,0.0,0.0,0.0,0.0,0.0,0.0,0.0,0.0,0.0,0.0,0.0
Lennon,0.0,0.0,0.0,0.0,0.0,0.0,0.0,0.0,0.0,0.0,0.11709944079008101,0.0,0.0,0.0,0.0,0.0,0.0,0.0,0.0,0.0,0.0,0.0,0.0,0.11119732581210609,0.0,0.0,0.0,0.0,0.0,0.0,0.0,0.0,0.0,0.0,0.0,0.11928791982124774,0.0,0.0,0.0,0.0,0.0,0.0,0.0,0.0,0.0,0.0,0.0,0.0,0.0,0.0,0.0,0.1267217574285812,0.0,0.0,0.0,0.0,0.0,0.07229980011834536,0.0,0.0,0.0,0.0,0.0,0.0,0.0,0.0,0.0,0.0,0.0,0.0,0.0,0.0,0.25911840092222516,0.0,0.0,0.0,0.0,0.0,0.0,0.0,0.10771420205733116,0.0,0.0,0.0,0.9271800838884141,0.0,0.0,0.0,0.0,0.0,0.0,0.0,0.0,0.0,0.0,0.0,0.0,0.0,0.0,0.0
Lennon,0.0,0.0,0.0,0.0,0.0,0.0,0.0,0.0,0.0,0.0,0.0,0.0,0.0,0.0,0.0,0.0,0.07341902693950808,0.0,0.07728347221480147,0.0,0.0,0.0,0.4100658549151092,0.0,0.0,0.0,0.0,0.0,0.0,0.4121359690277262,0.06732138470113419,0.3889492973759658,0.06057151354897332,0.0,0.0,0.06603639932987755,0.0,0.0,0.0,0.0,0.0,0.0,0.0,0.0,0.0,0.051977369505459545,0.0,0.42471825171684546,0.0,0.0,0.04843653001534589,0.0,0.0,0.0,0.0,0.06259168593291382,0.0,0.0,0.051977369505459545,0.0,0.08484347129640911,0.0,0.0,0.0,0.0,0.06482488289599429,0.0,0.0,0.07172246034074731,0.0,0.0,0.0,0.0,0.0,0.0,0.0,0.0,0.0,0.0,0.0,0.35777594602450513,0.0,0.0,0.0,0.0,0.38207331996132726,0.06482488289599429,0.0,0.0,0.0,0.0,0.0,0.0,0.0,0.0,0.0,0.0,0.0,0.0,0.0
Lennon,0.0,0.0,0.0,0.0,0.0,0.0,0.0,0.9912414575157187,0.0,0.0,0.0,0.0,0.107851788469684,0.0,0.0,0.0,0.0,0.0,0.0,0.0,0.0,0.0,0.0,0.019562763009556453,0.0,0.0,0.0,0.0,0.0,0.0,0.0,0.0,0.0,0.0,0.0,0.0,0.0,0.0,0.0,0.0,0.0,0.0,0.0,0.0,0.0,0.0,0.0,0.0,0.0,0.0,0.0,0.0,0.0,0.0,0.0,0.0,0.0,0.0,0.0,0.0,0.0,0.0,0.026063487954444593,0.0,0.0,0.0,0.0,0.0,0.0,0.0,0.0,0.0,0.0,0.0,0.0,0.0213944916188862,0.0,0.0,0.0,0.0,0.0,0.0,0.06548765726038816,0.0,0.0,0.0,0.0,0.0,0.0,0.0,0.0,0.0,0.0,0.0,0.0,0.0,0.0,0.0,0.0,0.0
Lennon,0.0,0.0,0.0,0.0,0.0,0.0,0.23749662290378432,0.0,0.0,0.0,0.0,0.0,0.0,0.0,0.0,0.0,0.0,0.0,0.0,0.0,0.0,0.0,0.0,0.0,0.40494445787654665,0.0,0.0,0.0,0.0,0.0,0.0,0.0,0.0,0.0,0.0,0.10680761161880856,0.0,0.0,0.0,0.0,0.0,0.0,0.0,0.0,0.0,0.0,0.0,0.12489845142466087,0.0,0.0,0.07834149254865831,0.0,0.0,0.0,0.0,0.0,0.0,0.06473554893680221,0.0,0.2849572224677074,0.0,0.0,0.0,0.0,0.0,0.0,0.0,0.0,0.0,0.0,0.7499921105907581,0.0,0.0,0.0,0.0,0.0,0.0,0.0,0.0,0.10888595356146101,0.09644477560182974,0.0,0.0,0.0,0.0,0.20598911702461076,0.10484809871300026,0.0,0.15494708767962725,0.0,0.0,0.0,0.0,0.0,0.0,0.0,0.0,0.0,0.0,0.0
Lennon,0.0,0.2545282618054229,0.0,0.0,0.0,0.0,0.0,0.0,0.0,0.0,0.0,0.0,0.0,0.0,0.0,0.0,0.0,0.0,0.0,0.0,0.0,0.0,0.0,0.0,0.28332106867332596,0.0,0.0,0.0,0.0,0.0,0.0,0.0,0.2741767647583328,0.0,0.6813581779156848,0.0,0.0,0.0,0.0,0.0,0.0,0.0,0.0,0.0,0.0,0.23527539889081864,0.0,0.0,0.0,0.0,0.0,0.0,0.0,0.0,0.0,0.0,0.0,0.3623399614279092,0.0,0.2658286693409416,0.0,0.0,0.0,0.0,0.0,0.0,0.0,0.0,0.0,0.0,0.0,0.0,0.0,0.0,0.0,0.0,0.0,0.0,0.0,0.0,0.0,0.0,0.0,0.0,0.0,0.0,0.0,0.0,0.0,0.0,0.0,0.0,0.0,0.0,0.241273762825132,0.0,0.0,0.0,0.0,0.0
Lennon,0.0,0.06965292211364567,0.26069032448300744,0.0,0.0,0.0,0.0,0.0,0.0,0.5079478882324457,0.0,0.0,0.0,0.0,0.0,0.0,0.0,0.0,0.0,0.0,0.0,0.0,0.0,0.0,0.0,0.0,0.0,0.066886664772764,0.0,0.12762803377984494,0.0,0.040149236978963415,0.0,0.10914271688267398,0.0,0.0,0.0,0.0,0.0,0.0,0.0,0.0,0.0,0.0,0.0,0.0,0.0,0.0478270716027061,0.0,0.0,0.0,0.0,0.0,0.0,0.0,0.0,0.0,0.0,0.0,0.0,0.0,0.0,0.0,0.0,0.0,0.0,0.0,0.0,0.0,0.0,0.0,0.0,0.0,0.0,0.6835775926678626,0.1667817731320464,0.0,0.0,0.0,0.0,0.07386274426625714,0.0,0.0,0.0,0.0,0.0,0.3211938958317073,0.0,0.0,0.09094402580220799,0.0,0.0,0.0,0.0,0.0,0.0,0.0,0.0,0.1435868372406079,0.0
Lennon,0.0,0.0,0.0,0.0,0.0,0.0,0.0,0.0,0.0,0.0,0.0,0.0,0.0,0.0,0.0,0.0,0.5169804395972252,0.0,0.0,0.0,0.0,0.0,0.0,0.0,0.0,0.0,0.0,0.0,0.0,0.0,0.0,0.0,0.0,0.0,0.0,0.0,0.0,0.0,0.0,0.0,0.0,0.0,0.0,0.0,0.0,0.0,0.0,0.0,0.0,0.0,0.0,0.4939734353490518,0.0,0.0,0.0,0.0,0.0,0.563662963080936,0.0,0.41352815417349187,0.0,0.0,0.0,0.0,0.0,0.0,0.0,0.0,0.0,0.0,0.0,0.0,0.0,0.0,0.0,0.0,0.0,0.0,0.0,0.0,0.0,0.0,0.0,0.0,0.0,0.0,0.0,0.0,0.0,0.0,0.0,0.0,0.0,0.0,0.0,0.0,0.0,0.0,0.0,0.0
Lennon,0.0,0.0,0.08400063815217179,0.0,0.0,0.0,0.0,0.0,0.0,0.0,0.0776222485643237,0.0,0.0,0.27315740251719167,0.0,0.0,0.0,0.0,0.0,0.0,0.0901213593646663,0.0,0.0,0.0,0.0,0.0,0.0,0.06465743447814991,0.0,0.0,0.0,0.2328667456929711,0.0,0.0,0.0,0.0,0.0,0.0,0.0,0.0,0.09521440508940819,0.5995854908171306,0.0,0.0,0.0,0.0,0.0,0.0,0.0,0.0,0.0,0.0,0.0,0.0,0.0,0.0,0.0,0.09585140660061116,0.0,0.0,0.0,0.0,0.0,0.0,0.0,0.0,0.0,0.0,0.0,0.0,0.0,0.0,0.0,0.0,0.0,0.0,0.0,0.0,0.0,0.0,0.0,0.0,0.0,0.0,0.3414467531464896,0.5337501131469327,0.0,0.10550515696339963,0.05735602982705684,0.08791300043831513,0.0,0.18508068575445163,0.0,0.08400063815217179,0.0,0.0,0.0,0.0,0.05552052297629152,0.0
Lennon,0.0,0.0,0.0,0.0,0.0,0.0,0.09574247964485931,0.0,0.0,0.0,0.0,0.0,0.0,0.0,0.0,0.0,0.47871239822429656,0.0,0.0,0.0,0.0,0.0,0.0,0.0,0.16324605395021002,0.0,0.0,0.352078934489142,0.0,0.0,0.0,0.0,0.0,0.0,0.0,0.0,0.0,0.0,0.0,0.0,0.0,0.0,0.0,0.0,0.0,0.06778137016130734,0.0,0.30210334691060997,0.0,0.0,0.06316391925056128,0.0,0.0,0.38296991857943724,0.0,0.0,0.0,0.0,0.0,0.07658357618786839,0.0,0.10369414302457362,0.10694971972213593,0.0,0.0,0.0,0.0,0.0,0.0,0.0,0.0,0.0,0.0,0.0,0.0,0.0,0.0,0.0,0.12610862317912686,0.087790816265145,0.0,0.0,0.0,0.0,0.0,0.0,0.0,0.0,0.0,0.0,0.0,0.0,0.0,0.0,0.5560756902034073,0.0,0.0,0.0,0.06046514752569866,0.0
Lennon,0.0,0.0,0.08340492645652807,0.0,0.0,0.0,0.17457908647901907,0.0,0.0,0.0,0.0,0.0,0.0,0.0,0.0,0.0,0.0,0.0,0.0,0.0,0.0,0.0,0.0,0.0,0.0,0.0,0.0,0.0,0.0,0.0,0.0,0.0,0.0,0.0,0.1789644820639495,0.0,0.0,0.0,0.0,0.0,0.0,0.0,0.0,0.0,0.0,0.0,0.0,0.0,0.0,0.0,0.0,0.0,0.0,0.0,0.0,0.0,0.0,0.0,0.1235941426099531,0.0,0.0,0.0,0.0,0.0,0.0,0.0,0.0,0.0,0.0,0.0,0.0,0.0,0.0,0.18907833627877843,0.0,0.0,0.0,0.0,0.0,0.0,0.2126839609049422,0.0,0.0,0.0,0.0,0.07570926995737776,0.0,0.0,0.0,0.0,0.0,0.5513044182798764,0.715857928255798,0.0,0.0,0.0,0.0,0.0,0.11025357039018752,0.0
Lennon,0.0,0.0,0.0,0.0,0.0,0.0,0.0,0.0,0.0,0.0,0.3258337959425347,0.0,0.0,0.0,0.0,0.0,0.0,0.0,0.0,0.0,0.0,0.0,0.0,0.0,0.0,0.0,0.0,0.0,0.0,0.34525792471853667,0.0,0.0,0.0,0.0,0.0,0.0,0.0,0.0,0.2748189853944023,0.0,0.0,0.0,0.0,0.0,0.0,0.0,0.0,0.0,0.48067142251858275,0.0,0.0,0.23507218009397024,0.0,0.0,0.0,0.0,0.0,0.13411802344799617,0.0,0.19678986312919503,0.0,0.0,0.0,0.0,0.0,0.0,0.0,0.0,0.0,0.0,0.0,0.0,0.0,0.0,0.0,0.0,0.0,0.0,0.0,0.0,0.0,0.0,0.0,0.0,0.09555240818855351,0.0,0.21722253062835645,0.0,0.16050838743101198,0.0,0.49204151602275875,0.0,0.0,0.0,0.17861215225859356,0.0,0.0,0.0,0.0,0.0
Lennon,0.0,0.0,0.027596843829389296,0.0,0.0,0.0,0.0,0.0,0.0,0.0,0.0,0.0,0.0,0.022435193184046274,0.0,0.0,0.0,0.0,0.0,0.0,0.0,0.0,0.0,0.0,0.0,0.0,0.0,0.0,0.0,0.0,0.0,0.0,0.04765623518735823,0.0,0.0,0.0,0.0810647097883524,0.0,0.0,0.0,0.0,0.0,0.0,0.0,0.0,0.0,0.0,0.7290726147870608,0.0,0.0,0.0,0.0,0.0,0.0,0.0,0.2708511248855064,0.0,0.0,0.0,0.0,0.0,0.0,0.0,0.0,0.0,0.0,0.6150936553324731,0.0,0.0,0.0,0.0,0.0,0.0,0.0,0.0,0.07945031140410354,0.0,0.0,0.0,0.0,0.0,0.0,0.0,0.0,0.0,0.0,0.0,0.0,0.0,0.0,0.0,0.0,0.0,0.0,0.0,0.0,0.0,0.0,0.018240232879267994,0.0
Lennon,0.0,0.05999373044832271,0.0,0.0,0.0,0.0,0.0,0.0,0.0,0.0,0.034581499640341344,0.09400723671539907,0.0,0.0,0.0,0.0,0.0,0.0,0.0,0.0,0.0,0.0,0.0,0.0,0.0,0.0,0.0,0.3744720637522183,0.0,0.0,0.03591328417152315,0.6224669935261443,0.0,0.0,0.0,0.0,0.0,0.0,0.0,0.0,0.0,0.0,0.0,0.0,0.0,0.0,0.08483796788303906,0.0,0.0,0.0,0.0,0.0,0.0,0.03916613405652134,0.0,0.0,0.637846902993191,0.0,0.05545572331361691,0.06265729951068631,0.0,0.0,0.0,0.0,0.0,0.0,0.0,0.0,0.0,0.0,0.0,0.0,0.0,0.0,0.0,0.0718265683430463,0.0,0.0,0.0,0.0,0.0,0.0,0.0,0.0,0.0,0.0,0.0,0.0,0.0,0.0,0.0,0.16491064833165373,0.0,0.0,0.0,0.0,0.0,0.0,0.0494699130944434,0.0
Lennon,0.0,0.4697658245913298,0.0,0.0,0.0,0.0,0.0,0.0,0.0,0.0,0.0,0.0,0.0,0.0,0.0,0.0,0.0,0.0,0.0,0.0,0.0,0.0,0.0,0.0,0.0,0.0,0.0,0.0,0.0,0.0,0.1406049717740964,0.0,0.0,0.0,0.0,0.1379211985175338,0.28692401653891825,0.0,0.0,0.6643023802888528,0.0,0.0,0.0,0.0,0.0,0.0,0.0,0.0,0.0,0.0,0.0,0.0,0.0,0.0,0.0,0.0,0.0,0.41796667675330496,0.0,0.0,0.0,0.0,0.0,0.0,0.0,0.0,0.0,0.0,0.1497968967297493,0.0,0.0,0.0,0.0,0.0,0.0,0.0,0.0,0.0,0.0,0.1406049717740964,0.0,0.0,0.0,0.0,0.0,0.0,0.0,0.0,0.0,0.0,0.0,0.0,0.0,0.0,0.0,0.0,0.0,0.0,0.0,0.0
McCartney,0.0,0.33803946640223836,0.0,0.0,0.0,0.0,0.0,0.0,0.0,0.0,0.0,0.0,0.0,0.11428279870193248,0.0,0.0,0.0,0.0,0.0,0.0,0.0,0.0,0.0,0.24670822077659654,0.0,0.0,0.0,0.0,0.0,0.0,0.0,0.0,0.0,0.0,0.0,0.0,0.0,0.0,0.0,0.0,0.0,0.37627924771693283,0.0,0.0,0.0,0.0,0.0,0.0,0.0,0.0,0.0,0.0,0.0,0.0,0.0,0.0,0.0,0.0,0.0,0.0,0.0,0.0,0.0,0.0,0.0,0.0,0.0,0.0,0.0,0.0,0.0,0.0,0.0,0.3186842044940664,0.0,0.0,0.0,0.0,0.0,0.0,0.0,0.0,0.0,0.0,0.0,0.0,0.0,0.0,0.0,0.0,0.0,0.0,0.7540942384212684,0.0,0.0,0.0,0.0,0.0,0.0,0.0
McCartney,0.0,0.0,0.0,0.0,0.0,0.0,0.3337698285099461,0.0,0.0,0.0,0.0,0.0,0.0,0.0,0.0,0.0,0.0,0.0,0.0,0.0,0.0,0.0,0.0,0.0,0.0,0.0,0.0,0.0,0.0,0.0,0.0,0.0,0.0,0.0,0.0,0.0,0.0,0.0,0.0,0.0,0.0,0.0,0.0,0.0,0.0,0.0,0.0,0.0,0.0,0.0,0.0,0.0,0.32605707656635735,0.0,0.0,0.5690954280064183,0.0,0.5458630814103103,0.0,0.0,0.0,0.0,0.0,0.0,0.0,0.0,0.0,0.0,0.0,0.0,0.0,0.0,0.0,0.0,0.0,0.0,0.0,0.0,0.0,0.0,0.0,0.0,0.0,0.0,0.0,0.0,0.0,0.0,0.0,0.0,0.0,0.0,0.0,0.0,0.0,0.0,0.0,0.0,0.0,0.4005600761095321
McCartney,0.0,0.0,0.0,0.0,0.0,0.0,0.0,0.0,0.0,0.0,0.0,0.0,0.0,0.0,0.0,0.0,0.0,0.0,0.0,0.0,0.0,0.0,0.0,0.0,0.0,0.0,0.0,0.0,0.0,0.0,0.0,0.0,0.0,0.0,0.0,0.0,0.0,0.0,0.0,0.0,0.0,0.0,0.0,0.0,0.0,0.0,0.0,0.18581650755613333,0.0,0.0,0.11655182571184594,0.0,0.0,0.0,0.15598678209795364,0.0,0.0,0.9630970985594353,0.0,0.0,0.0,0.0,0.0,0.0,0.0,0.0,0.0,0.0,0.0,0.0,0.0,0.0,0.0,0.0,0.0,0.0,0.0,0.0,0.0,0.0,0.0,0.0,0.0,0.0,0.0,0.0,0.0,0.0,0.0,0.0,0.0,0.0,0.0,0.0,0.0,0.0,0.0,0.0,0.0,0.0
McCartney,0.0,0.0,0.0,0.0,0.0,0.09811486896547257,0.0,0.0,0.0,0.0,0.0,0.0,0.0,0.0,0.0,0.0,0.0,0.0,0.0,0.0,0.0,0.0,0.0,0.0,0.0,0.0,0.0,0.8484226118935501,0.0,0.0,0.0,0.0,0.0,0.0,0.0,0.0,0.0,0.0,0.0,0.0,0.0,0.0,0.0,0.0,0.0,0.0,0.0,0.0,0.0,0.0,0.0,0.0,0.0,0.0,0.0,0.0,0.0,0.11434036429926288,0.0,0.0,0.0,0.0,0.0,0.0,0.0,0.0,0.0,0.0,0.0,0.0,0.0,0.0,0.0,0.0,0.0,0.0,0.0,0.0,0.0,0.0,0.0,0.0,0.0,0.0,0.0,0.0,0.0,0.0,0.06841954205754193,0.31461211222415536,0.0,0.0,0.0,0.0,0.3806829617766061,0.0,0.09432546277124394,0.0,0.0,0.0
McCartney,0.0,0.10246529862204311,0.0,0.0,0.0,0.0,0.0,0.0,0.0,0.0,0.0,0.0,0.0,0.20784592795012433,0.0,0.0,0.0,0.0,0.14082820572237023,0.0,0.0,0.0,0.0,0.0,0.0,0.0,0.0,0.0,0.0,0.0,0.0,0.0,0.22075037072044068,0.0,0.0,0.0,0.12516770483281728,0.0,0.0,0.0,0.0,0.22811280524691985,0.3352000176425611,0.0,0.0,0.0,0.0,0.2814305574139892,0.3920843012219174,0.0,0.0,0.0,0.0,0.0,0.11812579951159607,0.0,0.0,0.0,0.18942936894133472,0.2140289946044775,0.0,0.0,0.0,0.0,0.0,0.11812579951159607,0.0,0.0,0.0,0.0,0.14082820572237023,0.0,0.2613895341479449,0.0,0.0,0.0,0.0,0.0,0.0,0.1226749981917917,0.0,0.0,0.25033540966563456,0.0,0.10392296397506216,0.0,0.0,0.0,0.0,0.0,0.0,0.0,0.0,0.0,0.0,0.0,0.0,0.0,0.42245659505995764,0.0
McCartney,0.0,0.0,0.0,0.0,0.0,0.0,0.0,0.0,0.0,0.0,0.0,0.0,0.0,0.08264603207634504,0.0,0.8606567353730109,0.0,0.0,0.0,0.0,0.0,0.0,0.0,0.0,0.0,0.0,0.0,0.0,0.0,0.0,0.0,0.18788202803418805,0.1755544830669432,0.0,0.2181357030980631,0.0,0.0,0.0,0.0,0.0,0.0,0.0,0.0,0.0,0.0,0.0,0.0,0.0,0.0,0.0,0.28076729439905684,0.0,0.0,0.0,0.0,0.0,0.0,0.0,0.0,0.0,0.0,0.0,0.0,0.0,0.0,0.0,0.0,0.0,0.0,0.0,0.0,0.0,0.0,0.0,0.0,0.0,0.0,0.0,0.0,0.0,0.0,0.0,0.0,0.0,0.0,0.0,0.0,0.0,0.13882833083567359,0.0,0.0,0.0,0.0,0.0,0.0,0.0,0.0,0.0,0.20157832285018534,0.0
McCartney,0.0,0.0,0.0,0.0,0.0,0.0,0.0,0.0,0.0,0.0,0.0,0.0,0.0,0.0,0.0,0.0,0.3810326941553371,0.0,0.0,0.0,0.0,0.0,0.0,0.10649117655875125,0.0,0.0,0.0,0.0,0.0,0.0,0.0,0.0,0.0,0.0,0.0,0.0,0.0,0.0,0.0,0.0,0.0,0.0,0.0,0.0,0.0,0.0,0.0,0.0,0.0,0.4010885305786953,0.0,0.0,0.0,0.0,0.0,0.0,0.0,0.0,0.0,0.0,0.0,0.0,0.0,0.0,0.0,0.560717496263293,0.0,0.0,0.0,0.0,0.0,0.0,0.0,0.0,0.0,0.0,0.0,0.0,0.0,0.0,0.0,0.0,0.0,0.0,0.0,0.0,0.0,0.0,0.0,0.0,0.0,0.0,0.0,0.6067928767893583,0.0,0.0,0.0,0.0,0.0,0.0
McCartney,0.16735151445715837,0.0,0.0,0.0,0.0,0.0,0.0,0.0,0.0,0.28385366702235987,0.05609093180939291,0.0,0.0,0.0,0.0,0.0,0.0,0.0,0.0,0.0,0.0,0.0,0.0,0.0,0.10831723346514369,0.0,0.0,0.0,0.0,0.0,0.0,0.0,0.0,0.0,0.0,0.0,0.0,0.0,0.0,0.0,0.0,0.0,0.0,0.0,0.0,0.08994876529865675,0.13760654456476423,0.0,0.0,0.0,0.0,0.0,0.0,0.0,0.0,0.0,0.0,0.5194768392029366,0.0,0.0,0.7341238657683925,0.0,0.0,0.0,0.10162966761900448,0.0,0.0,0.0,0.0,0.0,0.0,0.0,0.0,0.0,0.0,0.0,0.0,0.0,0.0,0.0,0.0,0.0,0.0,0.0,0.09869369620957323,0.1101986746381686,0.0,0.0,0.0,0.0,0.0,0.0,0.0,0.0,0.09224201581378545,0.0,0.0,0.0,0.0,0.0
McCartney,0.0,0.0,0.0,0.0,0.0,0.0,0.0,0.0,0.0,0.0,0.0,0.0,0.0,0.0,0.0,0.0,0.0,0.0,0.0,0.0,0.0,0.0,0.0,0.0,0.0,0.0,0.0,0.0,0.0,0.0,0.0,0.6267170963350496,0.0,0.0,0.0,0.0,0.0,0.0,0.0,0.0,0.0,0.0,0.0,0.0,0.0,0.0,0.0,0.0,0.0,0.0,0.0,0.0,0.0,0.0,0.6267170963350496,0.0,0.0,0.0,0.0,0.0,0.0,0.0,0.0,0.0,0.0,0.0,0.0,0.0,0.0,0.0,0.0,0.0,0.0,0.0,0.0,0.0,0.0,0.0,0.0,0.0,0.0,0.0,0.0,0.0,0.0,0.0,0.0,0.0,0.46308893565138054,0.0,0.0,0.0,0.0,0.0,0.0,0.0,0.0,0.0,0.0,0.0
McCartney,0.0,0.019989294111050434,0.249380088677099,0.0,0.9504021388494881,0.02441816008693192,0.0,0.0,0.0,0.0,0.0,0.0,0.0,0.0,0.0,0.0,0.0,0.0,0.0,0.0,0.0,0.0,0.0,0.0,0.0,0.0,0.0,0.057586265170693325,0.0,0.0,0.0,0.09217760081879277,0.021532382888625204,0.0,0.0,0.0,0.0,0.0,0.0,0.0,0.0,0.0,0.0,0.0,0.0,0.0,0.0,0.0,0.0,0.0,0.0,0.0249380088677099,0.0,0.0,0.0,0.0,0.0,0.056912501627863106,0.0,0.0,0.0,0.0,0.0,0.0,0.0,0.0,0.0,0.0,0.0,0.0,0.0,0.0,0.0,0.0,0.0,0.023931874028626232,0.0,0.0,0.0,0.0,0.06359234074538267,0.0,0.0,0.0,0.0,0.0,0.0,0.0,0.01702778945384472,0.0,0.05219901259669191,0.0,0.0,0.0,0.0,0.0,0.0,0.0,0.09889719826754806,0.0
McCartney,0.0,0.0,0.0,0.0,0.0,0.0,0.0,0.0,0.0,0.13502276758373685,0.0,0.0,0.0,0.0,0.0,0.0,0.0,0.0,0.0,0.0,0.0,0.0,0.0,0.0,0.0,0.0,0.0,0.2222477640248449,0.0,0.0,0.0,0.0,0.0,0.0,0.0,0.0,0.0,0.0,0.0,0.0,0.5236505606476648,0.0,0.0,0.0,0.0,0.08557318535827069,0.0,0.06356698908321624,0.0,0.0,0.07974370770493246,0.0,0.0,0.0,0.0,0.0,0.0,0.7248365811081839,0.0,0.09668586729550564,0.0,0.0,0.0,0.0,0.2900576018865169,0.0,0.0,0.0,0.0,0.0,0.0,0.0,0.0,0.0,0.0,0.0,0.0,0.0,0.0,0.0,0.0,0.0,0.0,0.0,0.0,0.0,0.0,0.0,0.07886022379507465,0.0,0.0,0.0,0.1239100856465019,0.0,0.0,0.0,0.0,0.0,0.0,0.0
McCartney,0.0,0.0,0.0,0.0,0.0,0.0,0.0,0.0,0.06647176386893078,0.07425268847838805,0.0,0.0,0.0,0.1549024683662693,0.0,0.0,0.0,0.0,0.0,0.07681517210085079,0.06814152274825896,0.0,0.0,0.0,0.0,0.0,0.0,0.0,0.0,0.0,0.0,0.0,0.0,0.0,0.0,0.0,0.06218961205082846,0.0,0.0,0.0,0.0,0.0,0.0,0.0,0.0,0.0,0.0,0.0,0.0,0.0,0.0,0.0,0.0,0.6647176386893077,0.0,0.2833447909163205,0.0,0.0,0.0,0.0,0.0,0.0,0.0,0.0,0.0,0.058690839259473486,0.0,0.0,0.649357345991114,0.0,0.0,0.0,0.0,0.0,0.0,0.0,0.0,0.0,0.0,0.0,0.0,0.0,0.0,0.0,0.0,0.0,0.0,0.0,0.0,0.0,0.0,0.0,0.0,0.0,0.0,0.06647176386893078,0.0,0.0,0.0,0.0
McCartney,0.0,0.0,0.0,0.0,0.0,0.0,0.0,0.0,0.0,0.0,0.0,0.0,0.0,0.0,0.0,0.0,0.0,0.0,0.0,0.8620015086647425,0.0,0.0,0.0,0.0,0.0,0.0718334590553952,0.0,0.0,0.0,0.0,0.0,0.0,0.0,0.0,0.06372232399457357,0.0,0.0,0.0,0.0,0.0,0.0,0.0,0.0,0.0,0.0,0.044007089610153656,0.0,0.22883087981177633,0.0,0.0,0.0,0.0,0.36434664962540253,0.06216085439410025,0.0,0.0,0.0,0.06777388212737562,0.0,0.0,0.0,0.0,0.0,0.0,0.0,0.0,0.0,0.0,0.06072444160423376,0.0,0.0,0.0,0.0,0.06732347595321149,0.0,0.0,0.0,0.0,0.0,0.0,0.0,0.0,0.0,0.0,0.04828551363246818,0.1617428410591359,0.0,0.0,0.04055486447883181,0.0,0.0,0.0,0.0,0.0,0.0,0.0,0.0,0.0,0.11777108484774511,0.0
McCartney,0.0,0.0,0.0,0.0,0.0,0.0,0.0,0.0,0.0,0.0,0.0,0.0,0.0,0.0,0.0,0.0,0.0,0.0,0.0,0.0,0.399497162257307,0.0,0.0,0.0,0.0,0.0,0.0,0.0,0.0,0.0,0.0,0.0,0.0,0.0,0.0,0.0,0.0,0.0,0.0,0.0,0.0,0.0,0.0,0.0,0.0,0.0,0.0,0.0,0.0,0.0,0.0,0.0,0.0,0.0,0.0,0.0,0.0,0.0,0.0,0.5195397589229186,0.0,0.0,0.0,0.0,0.0,0.0,0.16273471421832397,0.0,0.25380160441749106,0.0,0.0,0.41022022564236316,0.25380160441749106,0.0,0.0,0.47645536328730376,0.0,0.0,0.0,0.0,0.0,0.0,0.0,0.0,0.0,0.11266905461065027,0.0,0.0,0.08475079720571528,0.0,0.0,0.0,0.0,0.0,0.0,0.0,0.0,0.0,0.0,0.0
McCartney,0.0,0.0,0.0,0.0,0.0,0.0,0.0,0.0,0.0,0.0,0.0,0.0,0.0,0.0,0.0,0.0,0.1658160558044534,0.0,0.0,0.0,0.0,0.0,0.0,0.41708106499055964,0.1413626265586189,0.0,0.0,0.0,0.1916180363262,0.0,0.15204459862473818,0.0,0.0,0.0,0.0,0.14914247345487242,0.0,0.0,0.0,0.0,0.0,0.1413626265586189,0.0,0.0,0.0,0.0,0.0,0.0,0.0,0.0,0.0,0.0,0.0,0.0,0.14640627706297096,0.0,0.0,0.6327614502181601,0.0,0.26526963976651147,0.0,0.0,0.0,0.0,0.26526963976651147,0.0,0.0,0.0,0.0,0.0,0.0,0.0,0.0,0.0,0.0,0.0,0.0,0.0,0.0,0.0,0.13467216584144673,0.0,0.0,0.0,0.0,0.14381805730981065,0.14640627706297096,0.0,0.10818139063742122,0.0,0.0,0.0,0.0,0.0,0.12038318573465492,0.1658160558044534,0.0,0.0,0.0,0.0
McCartney,0.0,0.0,0.0,0.0,0.0,0.0,0.0,0.0,0.0,0.0,0.0,0.0,0.0,0.0,0.5857555289099182,0.0,0.0,0.0,0.0,0.0,0.0,0.0,0.0,0.0,0.0,0.0,0.0,0.0,0.0,0.0,0.0,0.0,0.0,0.0,0.0,0.0,0.0,0.0,0.0,0.0,0.0,0.4161058644059199,0.0,0.0,0.0,0.0,0.0,0.0,0.0,0.0,0.3220032164089772,0.0,0.0,0.0,0.0,0.0,0.0,0.0,0.0,0.0,0.0,0.0,0.0,0.0,0.0,0.0,0.0,0.0,0.0,0.0,0.0,0.0,0.0,0.0,0.0,0.0,0.0,0.0,0.0,0.0,0.0,0.0,0.0,0.0,0.0,0.0,0.0,0.0,0.0,0.0,0.0,0.0,0.0,0.0,0.0,0.0,0.0,0.0,0.6164903069641382,0.0
McCartney,0.0,0.0,0.0,0.0,0.0,0.6621524194328717,0.0,0.0,0.0,0.0,0.0,0.0,0.0,0.0,0.0,0.0,0.0,0.0,0.0,0.0,0.0,0.0,0.0,0.0,0.0,0.0,0.6951940657233158,0.0,0.0,0.0,0.0,0.0,0.0,0.0,0.0,0.031828933803134306,0.0,0.0,0.0,0.0,0.0,0.0,0.0,0.0,0.0,0.0,0.0,0.0,0.0,0.0,0.0,0.0,0.10370868788498817,0.0,0.0,0.0,0.0,0.0,0.0,0.0,0.0,0.0,0.0,0.0,0.0,0.0,0.0,0.0,0.0,0.0,0.0,0.0,0.0,0.0,0.0,0.0,0.0,0.0,0.0,0.03244828486913373,0.0,0.0,0.0,0.0,0.0,0.030692634497539183,0.0,0.0,0.2539603954341353,0.0,0.0,0.0,0.0,0.0,0.0,0.0,0.0,0.0,0.0,0.0
McCartney,0.0,0.0,0.0,0.0,0.0,0.0,0.0,0.0,0.0,0.0,0.0,0.0,0.0,0.0,0.0,0.0,0.0,0.0,0.0,0.0,0.0,0.0,0.0,0.24737225296511847,0.0,0.0,0.0,0.0,0.0,0.0,0.0,0.0,0.0,0.0,0.0,0.0,0.0,0.0,0.0,0.0,0.0,0.503056039012422,0.0,0.0,0.0,0.0,0.0,0.0,0.0,0.0,0.0,0.0,0.0,0.0,0.0,0.0,0.0,0.0,0.0,0.0,0.0,0.0,0.0,0.0,0.0,0.0,0.0,0.0,0.0,0.0,0.0,0.0,0.0,0.0,0.0,0.0,0.0,0.0,0.0,0.0,0.0,0.0,0.8280951576214498,0.0,0.0,0.0,0.0,0.0,0.0,0.0,0.0,0.0,0.0,0.0,0.0,0.0,0.0,0.0,0.0,0.0
McCartney,0.0,0.0,0.0,0.0,0.0,0.0,0.0,0.0,0.0,0.0,0.0,0.0,0.0,0.0,0.0,0.0,0.0,0.0,0.0,0.0,0.0,0.0,0.0,0.0,0.05704334003540377,0.0,0.0,0.0,0.0,0.0,0.0,0.0,0.9936403703146174,0.0,0.0,0.0,0.0,0.0,0.0,0.0,0.0,0.0,0.0,0.0,0.0,0.0,0.0,0.035188158256924895,0.0,0.0,0.0,0.0,0.0,0.0,0.0,0.0,0.0,0.07295285777698063,0.0,0.0,0.0,0.0,0.0,0.0,0.05352145270162847,0.0,0.0,0.0,0.0,0.0,0.0,0.0,0.0,0.0,0.0,0.0,0.0,0.0,0.0,0.0,0.0,0.0,0.0,0.0,0.0,0.0,0.0,0.0,0.0,0.0,0.0,0.0,0.0,0.0,0.0,0.0,0.0,0.0,0.0,0.0
McCartney,0.0,0.0,0.0,0.0,0.0,0.0,0.0,0.0,0.0,0.0,0.0,0.0,0.0,0.0,0.0,0.0,0.0,0.0,0.42296997512838597,0.0,0.0,0.0,0.0,0.0,0.0,0.0,0.0,0.0,0.0,0.0,0.09211194708457233,0.0,0.0,0.0,0.0,0.0,0.09398362481516041,0.0,0.0,0.0,0.10879804769569909,0.0,0.0,0.0,0.0,0.07111762080855552,0.21759609539139818,0.15848655183167717,0.09813368368774729,0.634454962692579,0.0,0.0,0.0,0.0,0.0,0.0,0.0,0.0,0.0,0.16070615623527248,0.0,0.0,0.0,0.0,0.2410592343529087,0.0,0.0,0.0,0.0,0.0,0.0,0.0,0.0,0.0,0.2516888261091919,0.0,0.23217280432422843,0.0,0.0,0.0,0.0,0.0,0.0,0.0,0.23409529324574346,0.0,0.0,0.0,0.06553865523709755,0.0,0.10045499739013572,0.0,0.10297840904799109,0.0,0.14586153976611707,0.0,0.0,0.0,0.0,0.0
McCartney,0.0,0.0,0.0,0.0,0.0,0.0,0.0,0.0,0.0,0.0,0.0,0.0,0.0,0.0,0.0,0.0,0.0,0.0,0.0,0.0,0.0,0.0,0.0,0.0,0.0,0.0,0.0,0.0,0.0,0.0,0.0,0.0,0.0,0.3706064851487286,0.0,0.0,0.0,0.9224580408389702,0.0,0.0,0.0,0.0,0.0,0.0,0.0,0.0,0.0,0.10826816733109483,0.0,0.0,0.0,0.0,0.0,0.0,0.0,0.0,0.0,0.0,0.0,0.0,0.0,0.0,0.0,0.0,0.0,0.0,0.0,0.0,0.0,0.0,0.0,0.0,0.0,0.0,0.0,0.0,0.0,0.0,0.0,0.0,0.0,0.0,0.0,0.0,0.0,0.0,0.0,0.0,0.0,0.0,0.0,0.0,0.0,0.0,0.0,0.0,0.0,0.0,0.0,0.0
McCartney,0.0,0.0,0.0,0.0,0.0,0.0,0.0,0.0,0.0,0.0,0.07403662852489137,0.0,0.0,0.06513484700920089,0.5031576808217932,0.0,0.0,0.0,0.0,0.0,0.0,0.0,0.0,0.0,0.0,0.0,0.0,0.0,0.0,0.0,0.0,0.0,0.0,0.0,0.0,0.0,0.0,0.0,0.0,0.0,0.0,0.0,0.0,0.0,0.0,0.0,0.0,0.0,0.0,0.0,0.0,0.0,0.0,0.0,0.0,0.2859443592113708,0.0,0.04571186171060903,0.11872691552565898,0.0,0.0,0.0,0.0,0.0,0.0,0.0,0.0,0.0,0.0,0.0,0.0,0.0,0.0,0.0,0.21009025369858436,0.0,0.0,0.0,0.0,0.0,0.0,0.0,0.0,0.0,0.6513484700920089,0.0,0.0,0.0,0.0,0.0,0.0,0.0,0.0,0.0,0.18263080070766716,0.0,0.0,0.0,0.3706909665452365,0.0
McCartney,0.0,0.0,0.0,0.0,0.0,0.0,0.0,0.0,0.0,0.0,0.0,0.0,0.0,0.0,0.0,0.0,0.0,0.0,0.0,0.0,0.0,0.0,0.0,0.0,0.0,0.0,0.0,0.6566342737712216,0.0,0.0,0.0,0.525533057163992,0.0,0.0,0.0,0.0,0.0,0.0,0.0,0.0,0.0,0.0,0.0,0.0,0.0,0.0,0.0,0.0,0.0,0.0,0.0,0.0,0.0,0.0,0.0,0.0,0.0,0.16223790110429825,0.4213787156912014,0.0,0.0,0.0,0.0,0.0,0.0,0.0,0.0,0.0,0.0,0.0,0.0,0.0,0.0,0.0,0.0,0.0,0.0,0.0,0.0,0.0,0.0,0.0,0.0,0.0,0.2311728394354547,0.0,0.0,0.0,0.0,0.0,0.0,0.0,0.0,0.0,0.0,0.0,0.0,0.0,0.18794785460830307,0.0
McCartney,0.0,0.0,0.0,0.0,0.0,0.1337271073530512,0.0,0.0,0.0,0.3193329855567025,0.0,0.0,0.0,0.0,0.0,0.0,0.0,0.0,0.0,0.0,0.0,0.0,0.0,0.23968532256691227,0.0,0.0,0.0,0.0,0.0,0.0,0.0,0.0,0.11792302400602299,0.0,0.0,0.0,0.0,0.0,0.0,0.0,0.0,0.0,0.0,0.0,0.0,0.0,0.0,0.22550681751733023,0.0,0.30091705540382085,0.0,0.0,0.0,0.0,0.0,0.0,0.0,0.5454465991169357,0.0,0.0,0.0,0.0,0.0,0.0,0.5716626021138485,0.0,0.0,0.0,0.0,0.0,0.0,0.0,0.0,0.0,0.0,0.0,0.0,0.0,0.0,0.0,0.0,0.0,0.0,0.0,0.0,0.0,0.0,0.0,0.0,0.0,0.0,0.0,0.0,0.0,0.2075429823583315,0.0,0.0,0.0,0.0,0.0
McCartney,0.0,0.0,0.0,0.0,0.0,0.2042196742282405,0.0,0.0,0.0,0.0,0.0,0.0,0.0,0.0,0.0,0.0,0.0,0.0,0.0,0.0,0.0,0.0,0.0,0.0,0.016917347677675682,0.0,0.0,0.0,0.0,0.0,0.0,0.0,0.0,0.0,0.0,0.0,0.0,0.0,0.0,0.0,0.0,0.0,0.0,0.0,0.9634697836447614,0.014048498905067628,0.0,0.020871509522409022,0.0,0.0,0.0,0.0,0.0193852231298452,0.0,0.0,0.0,0.0,0.0,0.11238799124054102,0.0,0.0,0.0,0.0,0.0,0.015872861284170318,0.0,0.0,0.0,0.0,0.0,0.0,0.0,0.0,0.06447555063917366,0.0,0.0,0.0,0.0,0.0,0.0,0.0,0.0,0.0,0.0,0.0,0.0,0.0,0.0,0.0,0.0,0.0,0.0,0.0,0.018960672298193877,0.0,0.0,0.03569677698225761,0.0,0.10025699472147072,0.0
McCartney,0.0,0.0,0.0,0.0,0.0,0.0,0.0,0.0,0.0,0.0,0.0,0.0,0.0,0.0,0.0,0.0,0.0,0.0,0.0,0.0,0.0,0.0,0.0,0.0,0.0,0.0,0.0,0.0,0.0,0.0,0.0,0.0,0.0,0.0,0.0,0.0,0.0,0.0,0.0,0.0,0.4869050351950352,0.0,0.0,0.0,0.0,0.0,0.0,0.04728510099334137,0.0,0.0,0.0,0.0,0.0,0.08991345906603937,0.0,0.0,0.0,0.04901625175364974,0.0,0.0,0.0,0.0,0.0,0.0,0.0,0.0,0.0,0.0,0.0,0.0,0.0,0.0,0.0,0.0,0.0,0.12366886663960756,0.0,0.0,0.0,0.0,0.0,0.0,0.0,0.0,0.06984327348447243,0.0,0.0,0.5395296238660888,0.0,0.0,0.0,0.6625226761496835,0.0,0.0,0.0,0.0,0.0,0.0,0.0,0.0
McCartney,0.0,0.0,0.0,0.0,0.0,0.0,0.0,0.0,0.0,0.0,0.0,0.0,0.0,0.3897847302918124,0.0,0.0,0.0,0.0,0.0,0.0,0.0,0.0,0.0,0.0,0.0,0.0,0.0,0.06150905528505073,0.0,0.0,0.0,0.0,0.0,0.0,0.0,0.0,0.07824459292303668,0.0,0.0,0.0,0.0,0.14259743446536002,0.8381583400692152,0.0,0.0,0.0,0.2717343250863177,0.0,0.0,0.0,0.16552337930301836,0.0,0.0,0.0,0.0,0.0,0.0,0.09118409221354505,0.0,0.0,0.0,0.0,0.0,0.0,0.0,0.0,0.0,0.0,0.0,0.0,0.0,0.0,0.0,0.0,0.0,0.0,0.0,0.0,0.0,0.0,0.0,0.0,0.0,0.0,0.0,0.0,0.0,0.0,0.054563179594694075,0.0,0.0,0.0,0.0,0.0,0.0,0.0,0.0,0.0,0.05281704949734283,0.0
McCartney,0.0,0.0,0.0,0.0,0.0,0.0,0.0,0.0,0.0,0.0,0.0,0.0,0.0,0.0,0.0,0.7209014560584018,0.0,0.0,0.0,0.0,0.0,0.0,0.0,0.0,0.0,0.0,0.0,0.0,0.0,0.0,0.0,0.0,0.0,0.0,0.0,0.0,0.0,0.0,0.0,0.0,0.0,0.0,0.0,0.0,0.0,0.11041085656333008,0.0,0.08201734789286326,0.0,0.0,0.0,0.0,0.0,0.0,0.4131050252406006,0.0,0.0,0.25506023385988175,0.0,0.0,0.0,0.0,0.0,0.0,0.0,0.2754033501604004,0.0,0.0,0.0,0.0,0.0,0.0,0.0,0.0,0.0,0.0,0.0,0.0,0.0,0.0,0.0,0.0,0.0,0.0,0.0,0.0,0.0,0.37433176987704436,0.0,0.0,0.0,0.0,0.0,0.0,0.0,0.0,0.0,0.0,0.09849326908932088,0.0
McCartney,0.0,0.0,0.0,0.0,0.0,0.0,0.0,0.0,0.0,0.0,0.0,0.0,0.0,0.0,0.0,0.0,0.0,0.0,0.21842203929129164,0.0,0.0,0.0,0.23178932754300077,0.0,0.1768994494210719,0.4795769002098388,0.0,0.0,0.0,0.0,0.0,0.0,0.0,0.0,0.0,0.0,0.194132881284389,0.0,0.0,0.0,0.0,0.0,0.0,0.0,0.0,0.0,0.0,0.2182468915013805,0.0,0.0,0.0,0.0,0.0,0.20750016953609812,0.18321101152919542,0.0,0.0,0.5655927741271809,0.14690078899179068,0.0,0.0,0.0,0.0,0.0,0.0,0.0,0.0,0.0,0.0,0.0,0.0,0.0,0.20270525639781592,0.0,0.0,0.0,0.0,0.0,0.0,0.0,0.0,0.0,0.194132881284389,0.0,0.0,0.17997214521451968,0.0,0.0,0.0,0.0,0.0,0.0,0.0,0.0,0.15064603562090997,0.0,0.0,0.0,0.0,0.0
McCartney,0.0,0.0,0.0,0.0,0.0,0.0,0.0,0.0,0.0,0.0,0.0,0.0,0.0,0.21869228110157568,0.0,0.0,0.0,0.0,0.0,0.0,0.0,0.0,0.0,0.0,0.0,0.0,0.0,0.0,0.0,0.0,0.3872302255803499,0.0,0.0,0.0,0.0,0.0,0.0,0.0,0.0,0.0,0.0,0.0,0.0,0.0,0.0,0.0,0.0,0.22208767034633325,0.0,0.0,0.0,0.0,0.0,0.0,0.0,0.12000838847297356,0.3526922909027636,0.15347900194623504,0.0,0.0,0.0,0.0,0.0,0.0,0.0,0.0,0.0,0.0,0.0,0.0,0.0,0.7408863348108884,0.0,0.0,0.0,0.0,0.0,0.0,0.0,0.0,0.0,0.0,0.0,0.0,0.0,0.0,0.0,0.0,0.18367901996753888,0.0,0.0,0.0,0.0,0.0,0.0,0.0,0.0,0.0,0.08890046329147873,0.0
McCartney,0.0,0.0547986131383104,0.8887451355842043,0.0,0.0,0.0,0.0,0.0,0.0,0.0,0.06317387521571152,0.0,0.0,0.0,0.0,0.0,0.0,0.0,0.0,0.0,0.0,0.0,0.0,0.0,0.0,0.0,0.0,0.0,0.0,0.0,0.0,0.0,0.0,0.0,0.0,0.0,0.0,0.0,0.0,0.0,0.0,0.0,0.0,0.0,0.0,0.0,0.0,0.26339168269396385,0.0,0.0,0.0,0.0,0.0,0.0,0.0,0.0,0.0,0.0,0.0,0.0,0.0,0.0,0.0,0.0,0.0,0.0,0.0,0.0,0.0,0.0,0.0,0.0,0.0,0.0,0.0,0.0,0.0,0.0,0.0,0.0,0.0,0.0,0.0,0.0,0.055578175007932724,0.0,0.0,0.0,0.0,0.0,0.0,0.0,0.0,0.0,0.0,0.0,0.0,0.0,0.3614887901639436,0.0
McCartney,0.0,0.0,0.2362126395717555,0.0,0.0,0.0,0.0,0.0,0.0,0.0,0.0,0.0,0.0,0.0,0.0,0.0,0.0,0.0,0.0,0.0,0.0,0.0,0.0,0.0,0.0,0.0,0.0,0.0,0.0,0.0,0.0,0.0,0.0,0.0,0.0,0.0,0.2312886356812636,0.0,0.0,0.0,0.0,0.0,0.0,0.0,0.0,0.0,0.0,0.260017908574101,0.0,0.0,0.0,0.0,0.0,0.0,0.0,0.4215136770100218,0.0,0.2695374018323523,0.0,0.0,0.0,0.0,0.0,0.0,0.0,0.0,0.0,0.0,0.0,0.0,0.0,0.0,0.0,0.0,0.0,0.4533650753104147,0.0,0.0,0.0,0.0,0.0,0.0,0.0,0.0,0.384063933837401,0.0,0.0,0.0,0.0,0.24721433483146005,0.0,0.0,0.0,0.0,0.0,0.24721433483146005,0.0,0.0,0.31225118216069286,0.0
McCartney,0.0,0.0,0.0,0.0,0.0,0.0,0.0,0.0,0.0,0.0,0.0,0.0,0.0,0.0,0.0,0.0,0.0,0.0,0.0,0.0,0.0,0.0,0.0,0.0,0.0,0.0,0.0,0.24762041331151927,0.0,0.0,0.0,0.0,0.0,0.0,0.0,0.0,0.0,0.0,0.0,0.0,0.0,0.0,0.0,0.0,0.0,0.715069090338389,0.0,0.0,0.0,0.0,0.22211888101021512,0.0,0.0,0.0,0.0,0.0,0.0,0.0,0.0,0.0,0.0,0.0,0.0,0.0,0.0,0.0,0.0,0.0,0.0,0.0,0.35440437957667703,0.0,0.0,0.0,0.0,0.0,0.0,0.0,0.0,0.0,0.0,0.0,0.0,0.0,0.0,0.14600842633094685,0.0,0.0,0.21965801653455938,0.0,0.0,0.17720218978833852,0.0,0.0,0.24443327680277363,0.0,0.30282786814928647,0.0,0.0,0.0
McCartney,0.0,0.0,0.18717335043384944,0.0,0.0,0.0,0.0,0.0,0.0,0.0,0.0,0.0,0.45274569760369304,0.1521648744272918,0.0,0.0,0.0,0.0,0.20620183855329133,0.0,0.0,0.0,0.0,0.0,0.0,0.0,0.0,0.0,0.0,0.0,0.0,0.0,0.0,0.0,0.0,0.17619326051259077,0.0,0.0,0.0,0.0,0.0,0.0,0.0,0.0,0.0,0.0,0.0,0.0,0.0,0.0,0.12923463783493336,0.18717335043384944,0.0,0.0,0.0,0.0,0.0,0.0,0.2773640688762128,0.0,0.45274569760369304,0.42432056713344213,0.0,0.0,0.0,0.34592157039744803,0.0,0.0,0.0,0.0,0.0,0.0,0.0,0.0,0.0,0.0,0.0,0.0,0.0,0.0,0.0,0.0,0.0,0.0,0.0,0.0,0.17296078519872402,0.0,0.0,0.0,0.0,0.0,0.0,0.0,0.0,0.0,0.0,0.0,0.0,0.0
McCartney,0.0,0.0,0.0,0.0,0.0,0.0,0.0,0.0,0.0,0.0,0.0,0.0,0.0,0.0,0.0,0.0,0.0,0.0,0.0,0.0,0.0,0.0,0.0,0.0,0.0,0.0,0.0,0.0,0.0,0.0,0.0,0.0,0.0,0.0,0.0,0.0,0.0,0.0,0.0,0.0,0.0,0.0,0.0,0.0,0.0,0.0,0.0,0.0,0.0,0.0,0.0,0.0,0.0,0.0,0.0,0.0,0.0,0.0,0.0,0.0,0.0,0.0,0.2637816956590271,0.0,0.0,0.1042492158652368,0.0,0.0,0.11534166999490987,0.0,0.0,0.0,0.0,0.0,0.0,0.10826400685235735,0.0,0.0,0.0,0.0,0.0,0.0,0.0,0.0,0.0,0.0,0.0,0.0,0.0,0.0,0.0,0.0,0.0,0.0,0.0,0.8264902229316263,0.10619753621072534,0.0,0.4473952578101292,0.0
McCartney,0.0,0.0,0.0,0.0,0.0,0.0,0.0,0.0,0.0,0.0,0.0,0.0,0.0,0.0,0.0,0.0,0.0,0.0,0.0,0.0,0.0,0.0,0.0,0.0,0.0,0.0,0.0,0.0,0.0,0.0,0.0,0.0,0.0,0.0,0.0,0.0,0.0,0.0,0.0,0.0,0.0,0.0,0.0,0.0,0.0,0.0,0.0,0.14049871424904195,0.0,0.0,0.04406331243456921,0.0,0.0,0.0,0.0,0.0,0.0,0.9466762537489758,0.0,0.0,0.0,0.0,0.0,0.0,0.0,0.0,0.0,0.0,0.0,0.0,0.0,0.0,0.0,0.0,0.0,0.0,0.0,0.0,0.0,0.0,0.0,0.0,0.0,0.0,0.0,0.0,0.0,0.0,0.0,0.0,0.0,0.0,0.27387183138455085,0.0,0.0,0.0,0.0,0.0,0.08436128468400904,0.0
McCartney,0.0,0.22646996644664835,0.0,0.0,0.0,0.0,0.0,0.0,0.0,0.0,0.0,0.0,0.0,0.2296917149608097,0.0,0.0,0.0,0.0,0.0,0.0,0.0,0.0,0.0,0.0,0.0,0.0,0.0,0.0,0.0,0.0,0.0,0.0,0.0,0.0,0.0,0.0,0.0,0.0,0.0,0.0,0.0,0.2520887561206362,0.0,0.0,0.0,0.0,0.0,0.0,0.0,0.0,0.39015739615818906,0.0,0.5777261162956807,0.0,0.0,0.2520887561206362,0.0,0.0,0.20933947104568756,0.0,0.0,0.0,0.0,0.0,0.0,0.0,0.0,0.0,0.0,0.0,0.0,0.0,0.28886305814784036,0.0,0.0,0.0,0.0,0.0,0.0,0.0,0.0,0.0,0.0,0.0,0.0,0.0,0.26108298332836355,0.0,0.0,0.0,0.29569600021007875,0.0,0.0,0.0,0.0,0.0,0.0,0.0,0.0,0.0
McCartney,0.0,0.15547970073139641,0.0,0.0,0.0,0.0,0.0,0.0,0.0,0.0,0.0,0.0,0.0,0.0,0.06090726865070459,0.0,0.0,0.0,0.0,0.0,0.0,0.0,0.0,0.0,0.0,0.0,0.0,0.0,0.0,0.0,0.0,0.0,0.0,0.0,0.0,0.0,0.0,0.0,0.0,0.0,0.0,0.0,0.0,0.0,0.0,0.0,0.0,0.0,0.0,0.0,0.0,0.0,0.0,0.0,0.0,0.0,0.0,0.0,0.0,0.0,0.0,0.0,0.0,0.6545326807533349,0.0,0.0,0.0,0.0,0.0,0.0,0.0,0.0,0.0,0.0,0.0,0.0,0.0,0.0,0.7353283957223011,0.0,0.0,0.0,0.0,0.0,0.0,0.0,0.0,0.0,0.0,0.025375729915474616,0.0,0.0,0.0,0.04849288491689378,0.0,0.0,0.0,0.0,0.0,0.0
McCartney,0.0,0.0,0.0,0.0,0.0,0.0,0.0,0.0,0.0,0.0,0.0,0.0,0.0,0.0,0.0,0.0,0.0,0.6256205857206489,0.0,0.0,0.0,0.0,0.0,0.0,0.0,0.0,0.0,0.4591176792606922,0.0,0.0,0.0,0.0,0.30900798543984814,0.0,0.0,0.11229577253410995,0.0,0.0,0.2789289690827716,0.0,0.27043830024904114,0.0,0.0,0.0,0.0,0.0,0.0,0.0,0.0,0.0,0.0,0.0,0.0,0.0,0.0,0.3193139752034679,0.0,0.13612379058193896,0.0,0.0,0.0,0.0,0.0,0.0,0.0,0.0,0.0,0.0,0.0,0.0,0.0,0.0,0.0,0.13521915012452057,0.0,0.0,0.0,0.0,0.0,0.0,0.0,0.0,0.0,0.0,0.0,0.0,0.0,0.0,0.0,0.0,0.0,0.0,0.0,0.0,0.0,0.0,0.0,0.0,0.0,0.0
McCartney,0.0,0.13369608981831307,0.0,0.0,0.0,0.0,0.0,0.0,0.5236906194223664,0.0,0.0,0.0,0.0,0.0,0.0,0.0,0.5236906194223664,0.0,0.0,0.20172668171230673,0.17894854486276285,0.0,0.0,0.0,0.0,0.0,0.20172668171230673,0.0,0.0,0.0,0.16006558119943676,0.0,0.0,0.0,0.0,0.4710310707056891,0.0,0.0,0.0,0.0,0.0,0.14882009084604686,0.0,0.0,0.0,0.0,0.0,0.0,0.0,0.0,0.0,0.0,0.0,0.0,0.0,0.0,0.0,0.0,0.0,0.0,0.0,0.0,0.0,0.0,0.0,0.0,0.0,0.0,0.0,0.0,0.0,0.0,0.0,0.0,0.0,0.0,0.0,0.0,0.0,0.0,0.1417766806041001,0.0,0.0,0.0,0.0,0.0,0.0,0.0,0.0,0.0,0.0,0.0,0.0,0.0,0.0,0.17456353980745548,0.0,0.0,0.0,0.0
McCartney,0.0,0.0,0.0,0.0,0.0,0.0,0.0,0.0,0.0,0.0,0.0,0.0,0.0,0.0,0.0,0.0,0.0,0.0,0.0,0.0,0.0,0.0,0.0,0.0,0.0,0.0,0.0,0.0,0.0,0.0,0.0,0.0,0.0,0.0,0.0,0.0,0.0,0.0,0.0,0.0,0.0,0.0,0.0,0.0,0.0,0.0,0.0,0.3406577657057756,0.0,0.0,0.0,0.0,0.0,0.0,0.0,0.0,0.0,0.3531295578288282,0.11464743945286035,0.0,0.0,0.0,0.0,0.0,0.5181430173622689,0.0,0.0,0.0,0.0,0.0,0.0,0.0,0.0,0.0,0.0,0.0,0.0,0.0,0.0,0.0,0.0,0.0,0.0,0.0,0.0,0.0,0.1429854359227747,0.0,0.0,0.0,0.0,0.0,0.0,0.0,0.47028153806925826,0.48582509229431364,0.0,0.0,0.0,0.0
McCartney,0.0,0.0,0.0,0.0,0.0,0.0,0.0,0.0,0.0,0.0,0.0,0.0,0.0,0.0,0.0,0.0,0.0,0.0,0.0,0.0,0.0,0.0,0.0,0.0,0.0,0.0,0.0,0.0,0.0,0.0,0.0,0.0,0.0,0.0,0.0,0.0,0.0,0.0,0.0,0.0,0.0,0.0,0.0,0.0,0.0,0.0,0.0,0.0,0.0,0.0,0.0,0.22914342803770146,0.0,0.0,0.21174396432324982,0.0,0.0,0.0,0.0,0.0,0.0,0.0,0.80366333920853,0.0,0.0,0.0,0.0,0.0,0.0,0.0,0.0,0.0,0.0,0.0,0.0,0.0,0.0,0.0,0.0,0.0,0.0,0.0,0.22436678639319052,0.0,0.0,0.0,0.0,0.0,0.0,0.0,0.0,0.0,0.0,0.0,0.0,0.0,0.0,0.0,0.4543595111094218,0.0
McCartney,0.0,0.0,0.0,0.1370357145003416,0.0,0.0,0.0,0.0,0.0,0.0,0.0,0.0,0.087969420057283,0.0,0.0,0.0,0.0,0.0,0.0,0.087969420057283,0.03901813973751487,0.0,0.0,0.0,0.0,0.0,0.0,0.0279935059937276,0.703755360458264,0.0,0.0,0.0,0.0,0.0,0.07803627947502974,0.0,0.0,0.0,0.0,0.0,0.0,0.19469338870010622,0.0,0.0,0.0,0.0,0.0,0.0,0.0,0.6410470601324367,0.0251105558856212,0.0,0.0,0.0,0.0,0.0,0.0,0.0,0.0,0.0,0.0,0.0,0.0,0.0,0.0,0.0,0.0,0.0,0.0,0.0,0.0,0.0,0.0,0.0,0.0,0.0,0.0,0.0,0.0,0.0,0.0,0.0,0.03561004913532052,0.0,0.0,0.0,0.0,0.0,0.0,0.0,0.0,0.0,0.0,0.036368166887048574,0.027633199976274357,0.0,0.0,0.0,0.0961506812174512,0.0
McCartney,0.0,0.0,0.0,0.0,0.0,0.0,0.0,0.0,0.0,0.0,0.0,0.0,0.0,0.0,0.0,0.0,0.0,0.0,0.5246190214806261,0.0,0.0,0.0,0.0,0.0,0.0,0.0,0.0,0.0,0.0,0.0,0.0,0.0,0.0,0.0,0.0,0.0,0.0,0.0,0.0,0.0,0.0,0.0,0.0,0.0,0.0,0.0,0.0,0.2620991705602291,0.36515213942735625,0.0,0.0,0.0,0.0,0.0,0.0,0.0,0.0,0.0,0.17641751818100018,0.0,0.0,0.0,0.0,0.0,0.3986548047741234,0.0,0.0,0.0,0.0,0.0,0.0,0.0,0.0,0.0,0.0,0.0,0.0,0.0,0.0,0.0,0.0,0.0,0.0,0.0,0.2903535732968394,0.0,0.0,0.0,0.0,0.0,0.49838622628147916,0.0,0.0,0.0,0.0,0.0,0.0,0.0,0.0,0.0
McCartney,0.0,0.0,0.0,0.0,0.0,0.0,0.0,0.0,0.0,0.0,0.0,0.029290900633900125,0.0,0.0,0.0,0.0,0.0,0.030575567957073543,0.0,0.0,0.0,0.0,0.0,0.0,0.0,0.0,0.0,0.0,0.0,0.0,0.0,0.0,0.0,0.0,0.0,0.0,0.0,0.0,0.0,0.0,0.0,0.0,0.0,0.0,0.0,0.0,0.0,0.0,0.0,0.0,0.03220375651659304,0.0,0.0,0.0,0.0,0.020807512564463213,0.0,0.0,0.03455793698261384,0.0,0.0,0.0,0.0,0.0,0.03904569048257959,0.0,0.0,0.7036061263155194,0.0,0.0,0.0,0.0,0.023842879009423737,0.0,0.0,0.0,0.0,0.0,0.0,0.02237981829611185,0.0,0.0,0.0,0.0,0.0,0.0,0.0,0.0,0.0,0.0,0.0,0.0,0.0,0.0,0.05315849126541046,0.0,0.0,0.7036061263155194,0.0,0.0
McCartney,0.0,0.0,0.0,0.0,0.0,0.0,0.5285989102422566,0.0,0.0,0.0,0.0,0.0,0.20361736522515547,0.13686893536345804,0.0,0.0,0.0,0.0,0.0,0.0,0.0,0.0,0.0,0.5909321771367286,0.0,0.0,0.0,0.0,0.0,0.0,0.0,0.0,0.0,0.0,0.0,0.1584819366186751,0.0,0.24671779842701191,0.0,0.0,0.0,0.0,0.0,0.0,0.0,0.0,0.0,0.0,0.0,0.0,0.0,0.0,0.17212801620325457,0.0,0.0,0.0,0.0,0.0,0.0,0.0,0.0,0.0,0.0,0.0,0.0,0.0,0.0,0.0,0.17212801620325457,0.0,0.0,0.3709479762527209,0.0,0.0,0.0,0.0,0.0,0.0,0.0,0.0,0.0,0.0,0.0,0.0,0.0,0.0,0.0,0.0,0.0,0.0,0.0,0.0,0.0,0.16835828438535894,0.0,0.0,0.0,0.0,0.0,0.0
McCartney,0.0,0.0,0.0,0.0,0.0,0.0,0.0,0.0,0.0,0.0,0.0,0.0,0.0,0.0,0.2243544483620045,0.0,0.0,0.0,0.0,0.0,0.0,0.0,0.0,0.0,0.0,0.21603489405998588,0.0,0.0,0.0,0.0,0.0,0.0,0.0,0.0,0.0,0.0,0.0,0.0,0.0,0.0,0.0,0.15937570720453592,0.0,0.0,0.0,0.0,0.0,0.0,0.0,0.0,0.0,0.0,0.0,0.0,0.0,0.0,0.0,0.8662603118562753,0.0,0.0,0.0,0.0,0.0,0.0,0.0,0.0,0.0,0.0,0.0,0.0,0.0,0.0,0.0,0.3037070785652848,0.0,0.0,0.0,0.0,0.0,0.0,0.0,0.0,0.0,0.0,0.0,0.0,0.0,0.0,0.0,0.0,0.0,0.0,0.0,0.0,0.0,0.18694510566937605,0.0,0.0,0.0,0.0
McCartney,0.0,0.0,0.0,0.0,0.0,0.06727054359000445,0.0,0.0,0.0359512749910282,0.0,0.0,0.0,0.0,0.05585270008285674,0.0,0.0,0.0,0.0,0.037843587387027706,0.0,0.0,0.9818624992919323,0.0,0.0,0.0,0.0,0.0,0.02644110877286428,0.0,0.0,0.0,0.03174295939900272,0.029660201598914315,0.0,0.0,0.0,0.0,0.0,0.040159590583053684,0.0,0.0,0.0,0.0,0.0,0.0,0.0,0.0,0.0,0.0,0.0,0.023718034449402892,0.0,0.0,0.0,0.0,0.0,0.0,0.0,0.0,0.0,0.0,0.0,0.0,0.0,0.0,0.0,0.0,0.0,0.0,0.0,0.0,0.0,0.0,0.0,0.0,0.0,0.0,0.0,0.0,0.0,0.11679534998740868,0.050339601035304084,0.0,0.0,0.0,0.0,0.0,0.0,0.0,0.0,0.0,0.0,0.0,0.0,0.0,0.0,0.0,0.0,0.06811393920857778,0.0
McCartney,0.0,0.0,0.0,0.6043570636131821,0.0,0.0,0.0,0.0,0.0,0.0,0.0,0.0,0.0,0.0,0.0,0.0,0.0,0.0,0.0,0.0,0.0,0.0,0.0,0.0,0.0,0.0,0.04849551500809811,0.0,0.0,0.0,0.0,0.0,0.0,0.0,0.0,0.0,0.0,0.0,0.0,0.0,0.0,0.0,0.0,0.0,0.0,0.0,0.0,0.0,0.0,0.0,0.027685742136753157,0.0,0.0,0.4616198294650778,0.0,0.0,0.0,0.0,0.0,0.0,0.0,0.0,0.0,0.0,0.0,0.0,0.0,0.0,0.0,0.6463681204924223,0.0,0.0,0.0,0.0,0.0,0.0,0.0,0.0,0.0,0.0,0.0,0.0,0.0,0.0,0.0,0.0,0.0,0.0,0.027379010628847858,0.0,0.0,0.0,0.0,0.0,0.0,0.0,0.0,0.0,0.0,0.0
McCartney,0.0,0.0,0.0,0.4634186740458113,0.0,0.0,0.0,0.0,0.0,0.0,0.0,0.0,0.0,0.0,0.0,0.0,0.0,0.0,0.0,0.0,0.0,0.0,0.0,0.0,0.0,0.0,0.0,0.0,0.0,0.12042380202246684,0.0,0.0,0.0,0.0,0.0,0.0,0.0,0.0,0.0,0.0,0.0,0.10973362232109211,0.0,0.0,0.0,0.0,0.0,0.03384552925848747,0.0,0.0,0.08491728273536174,0.0,0.0,0.4505051235876582,0.0,0.0,0.0,0.03508464501541734,0.0,0.0,0.0,0.0,0.0,0.0,0.0,0.0,0.0,0.0,0.0,0.7209201324029348,0.0,0.0,0.06287069326912348,0.0,0.0,0.0,0.0,0.0,0.0,0.0,0.0,0.0,0.12042380202246684,0.0,0.0,0.0,0.0,0.0,0.0,0.06435787479823689,0.0,0.0,0.0,0.0,0.04672410013455245,0.0,0.0,0.0,0.04064453321608511,0.0
McCartney,0.0,0.0,0.0,0.0,0.0,0.0,0.0,0.0,0.19964773748801826,0.0,0.0,0.0,0.0,0.0,0.0,0.0,0.0,0.0,0.8406251630447784,0.0,0.0,0.0,0.0,0.0,0.0,0.0,0.0,0.0,0.0,0.0,0.0,0.0,0.0,0.0,0.0,0.0,0.0,0.0,0.22301772052180796,0.0,0.0,0.0,0.0,0.0,0.0,0.0,0.0,0.0,0.0,0.0,0.0,0.19076288229290944,0.0,0.0,0.0,0.17020504088623914,0.0,0.0,0.0,0.0,0.0,0.0,0.0,0.0,0.0,0.0,0.0,0.0,0.0,0.0,0.0,0.0,0.0,0.0,0.0,0.0,0.0,0.0,0.0,0.0,0.16214951611539838,0.0,0.0,0.0,0.3101660568901088,0.0,0.0,0.0,0.0,0.0,0.0,0.0,0.0,0.0,0.0,0.0,0.0,0.0,0.12608541104390697,0.0
McCartney,0.0,0.0,0.0,0.0,0.0,0.0,0.0,0.0,0.0,0.0,0.0,0.0,0.0,0.0,0.0,0.0,0.0,0.0,0.0,0.0,0.0,0.0,0.0,0.0,0.0,0.6628102350869807,0.0,0.0,0.0,0.0,0.0,0.0,0.0,0.0,0.09799474391304991,0.0,0.08943526444936346,0.0,0.0,0.0,0.0,0.0,0.0,0.0,0.0,0.06767586626427632,0.0,0.30163311327075687,0.09338448021413319,0.0,0.0,0.0,0.0,0.28678036012708674,0.0,0.0,0.0,0.4690142658064289,0.06767586626427632,0.0,0.0,0.0,0.0,0.0,0.0,0.0,0.0,0.0,0.28015344064239955,0.0,0.0,0.0,0.0,0.0,0.0,0.0,0.0,0.0,0.0,0.0,0.0,0.0,0.0,0.0,0.2227661946318879,0.0,0.0,0.0,0.062366896087625384,0.0,0.0,0.0,0.0,0.0,0.0,0.0,0.0,0.0,0.0,0.0
McCartney,0.0,0.1434597002144174,0.17897576854044012,0.0,0.0,0.0,0.0,0.0,0.0,0.0,0.0,0.0,0.0,0.0,0.0,0.0,0.0,0.0,0.0,0.0,0.19201686926450234,0.0,0.0,0.0,0.0,0.0,0.0,0.0,0.21645845681069953,0.0,0.17175491313712546,0.0,0.0,0.0,0.0,0.0,0.0,0.0,0.0,0.0,0.0,0.7984409135551198,0.0,0.0,0.0,0.0,0.0,0.0,0.0,0.0,0.0,0.0,0.0,0.0,0.0,0.0,0.0,0.0,0.0,0.0,0.0,0.4057367110979986,0.0,0.0,0.0,0.0,0.0,0.0,0.0,0.0,0.0,0.0,0.0,0.0,0.0,0.0,0.0,0.0,0.0,0.0,0.0,0.0,0.0,0.0,0.0,0.0,0.0,0.0,0.0,0.0,0.0,0.0,0.0,0.17897576854044012,0.0,0.0,0.0,0.0,0.0,0.0
McCartney,0.0,0.11780492844580333,0.0,0.0,0.0,0.0,0.0,0.0,0.0,0.0,0.0,0.0,0.0,0.0,0.0,0.0,0.0,0.0,0.0,0.0,0.0,0.0,0.0,0.5158588954994154,0.0,0.0,0.0,0.0,0.0,0.0,0.0,0.0,0.0,0.0,0.0,0.0,0.0,0.0,0.0,0.0,0.0,0.0,0.0,0.0,0.0,0.0,0.0,0.0,0.0,0.0,0.0,0.2939393791416871,0.0,0.0,0.0,0.1311312857185378,0.0,0.0,0.10889400389092747,0.0,0.0,0.0,0.0,0.0,0.0,0.0,0.0,0.0,0.0,0.0,0.0,0.0,0.0,0.0,0.0,0.0,0.0,0.0,0.0,0.0,0.0,0.0,0.0,0.0,0.7168848868600828,0.0,0.0,0.0,0.3010547806825434,0.0,0.0,0.0,0.0,0.0,0.0,0.0,0.0,0.0,0.0,0.0
McCartney,0.08854839312293991,0.0,0.0,0.0,0.0,0.0,0.0,0.0,0.0,0.0,0.0,0.0,0.0,0.0,0.0,0.0,0.0,0.0,0.0,0.0,0.0,0.0,0.0,0.0,0.0,0.0,0.0,0.0,0.0,0.06289573778105435,0.0,0.0,0.0,0.0,0.0,0.0,0.0,0.0,0.0,0.0,0.0,0.0,0.0,0.0,0.0,0.0,0.0,0.0,0.0,0.0,0.0,0.0,0.0,0.0,0.0,0.0,0.0,0.9895089524033327,0.047593346593989096,0.0,0.0,0.0,0.0,0.0,0.0,0.0,0.0,0.0,0.0,0.0,0.0,0.0,0.0,0.0,0.0,0.0,0.0,0.0,0.0,0.0,0.0,0.0,0.0,0.0,0.0,0.0,0.0,0.0,0.0,0.0,0.0,0.07076501012079166,0.0,0.0,0.0,0.0,0.0,0.0,0.04245618989699919,0.0
McCartney,0.0,0.0,0.0,0.0,0.0,0.0,0.0,0.0,0.0,0.0,0.0,0.0,0.0,0.0,0.0,0.0,0.0,0.0,0.0,0.0,0.0,0.0,0.0,0.2014035520058349,0.0,0.0,0.0,0.0,0.0,0.2247372858039839,0.0,0.0,0.0,0.0,0.0,0.2700718136421555,0.0,0.0,0.0,0.0,0.0,0.0,0.0,0.0,0.0,0.04251480272437185,0.0,0.03158159871390175,0.0,0.0,0.0792371579342524,0.0,0.0,0.0,0.0,0.0,0.0,0.0,0.04251480272437185,0.0,0.0,0.0,0.0,0.0,0.0,0.0,0.0,0.0,0.0,0.0,0.0,0.0,0.0,0.0,0.0,0.0,0.0,0.0,0.0,0.881046629926013,0.0,0.0,0.0,0.0,0.046648144758377814,0.0,0.0,0.0,0.0,0.0,0.0,0.0,0.0,0.0,0.0,0.0,0.2160574509137244,0.0,0.0,0.0
McCartney,0.0,0.07836656607532629,0.0,0.0,0.0,0.0,0.0,0.0,0.0,0.0,0.0,0.0,0.0,0.0,0.0,0.0,0.0,0.0,0.0,0.0,0.41956598683263246,0.0,0.0,0.0,0.0,0.0,0.0,0.0,0.0,0.0,0.0,0.0,0.0,0.0,0.0,0.0,0.0,0.0,0.0,0.0,0.0,0.0,0.0,0.0,0.0,0.0,0.0,0.10762056359466221,0.1999135363354806,0.0,0.0,0.0,0.0,0.0,0.6324072030220331,0.0,0.0,0.0,0.0,0.0,0.0,0.0,0.0,0.0,0.0,0.09034388614600473,0.0,0.0,0.0,0.0,0.0,0.10770693139460166,0.0,0.0,0.0,0.0,0.4729720174478404,0.0,0.0,0.0,0.0,0.0,0.0,0.0,0.0,0.0,0.0,0.0,0.1335124071853824,0.0,0.0,0.0,0.0,0.19553528092200972,0.0,0.0,0.0,0.0,0.2584794900590973,0.0
McCartney,0.0,0.0,0.0,0.0,0.0,0.0,0.0,0.0,0.0,0.0,0.0,0.0,0.0,0.0,0.0,0.0,0.0,0.0,0.0,0.0,0.0,0.0,0.0,0.15366413553929836,0.0,0.0,0.0,0.0,0.0,0.0,0.0,0.0,0.0,0.10997411309612874,0.0,0.0,0.0,0.0,0.0,0.0,0.0,0.0,0.0,0.0,0.0,0.0,0.0,0.0,0.0,0.0,0.3627317171507979,0.0,0.0,0.0,0.0,0.0,0.0,0.09991145203997402,0.0,0.14659894670763118,0.0,0.0,0.0,0.0,0.0,0.8091014873661666,0.0,0.0,0.0,0.0,0.0,0.0,0.0,0.19849493721554645,0.0,0.0,0.0,0.0,0.0,0.0,0.14885078956317047,0.0,0.0,0.0,0.0,0.15895958344659117,0.16182029747323332,0.0,0.0,0.18327358644994432,0.0,0.0,0.0,0.0,0.0,0.0,0.0,0.0,0.0,0.0
McCartney,0.0,0.06076902654521503,0.0,0.0,0.0,0.0,0.0,0.0,0.0,0.0,0.0,0.0,0.0,0.0,0.0,0.0,0.0,0.0,0.0,0.0,0.0,0.0,0.0,0.0,0.0,0.0,0.0,0.35013355222614795,0.0,0.0,0.0,0.0,0.0,0.0,0.0,0.0,0.14846625501275382,0.0,0.0,0.0,0.0,0.0,0.0,0.0,0.0,0.11234474992456493,0.2578029746008554,0.041726958404740846,0.0,0.0,0.0,0.0,0.0,0.07934455225131738,0.0,0.0,0.0,0.6055646867956168,0.11234474992456493,0.0,0.0,0.0,0.0,0.0,0.0,0.0,0.0,0.0,0.0,0.0,0.0,0.0,0.0,0.3437372994678072,0.0,0.0,0.0,0.0,0.0,0.0,0.2577676244333334,0.0,0.0,0.0,0.0,0.27527320698927765,0.0,0.0,0.1552974582661707,0.31737820900526953,0.0,0.0,0.0,0.0,0.0,0.0,0.0,0.0,0.0,0.0
McCartney,0.0,0.0,0.0,0.0,0.0,0.0597808276190218,0.0,0.0,0.0,0.0,0.0,0.0,0.0,0.0,0.0,0.0,0.0,0.0,0.0,0.0,0.0,0.0,0.0,0.0,0.0,0.0,0.14767979443683568,0.0,0.0,0.29890413809510896,0.0,0.0,0.0,0.07668348893186357,0.0,0.0,0.0,0.0,0.0,0.0,0.0,0.9260580802704707,0.0,0.0,0.0,0.0,0.0,0.0,0.0,0.0,0.0,0.0,0.0,0.0,0.0,0.0,0.0,0.0,0.0,0.0,0.0,0.0,0.0,0.0,0.0,0.0,0.0,0.0,0.0,0.0,0.0,0.0,0.0,0.0,0.0,0.0,0.14767979443683568,0.0,0.0,0.0,0.0,0.0,0.0,0.0,0.0,0.0,0.0,0.0,0.0,0.0,0.0,0.0,0.0,0.0,0.0,0.0,0.0,0.0,0.0,0.0
McCartney,0.0,0.0,0.0,0.0,0.0,0.0,0.22580631575419716,0.0,0.0,0.0,0.0,0.0,0.0,0.0,0.0,0.0,0.0,0.0,0.0,0.0,0.0,0.0,0.0,0.0,0.0,0.0,0.0,0.3321478505530859,0.0,0.0,0.0,0.39874862378664533,0.0,0.0,0.0,0.0,0.0,0.0,0.0,0.0,0.0,0.0,0.0,0.0,0.0,0.0,0.0,0.0,0.0,0.0,0.0,0.0,0.0,0.22580631575419716,0.0,0.19250592913741738,0.0,0.24619627218306725,0.0,0.0,0.0,0.0,0.0,0.0,0.361241013401974,0.0,0.0,0.0,0.0,0.0,0.0,0.0,0.0,0.0,0.0,0.0,0.0,0.0,0.0,0.0,0.0,0.0,0.0,0.0,0.0,0.0,0.0,0.0,0.0,0.0,0.0,0.0,0.46295706044463886,0.4315146685376147,0.0,0.0,0.0,0.0,0.0,0.0
McCartney,0.0,0.22708135807730082,0.0,0.0,0.0,0.0,0.0,0.0,0.0,0.0,0.0,0.0,0.0,0.0,0.0,0.0,0.0,0.3714314809864466,0.0,0.0,0.303942162022953,0.0,0.0,0.0,0.0,0.0,0.0,0.0,0.0,0.0,0.2718696531035106,0.0,0.0,0.0,0.0,0.0,0.0,0.0,0.0,0.0,0.0,0.0,0.0,0.0,0.0,0.0,0.0,0.0,0.0,0.0,0.0,0.0,0.0,0.0,0.0,0.0,0.0,0.0,0.0,0.0,0.0,0.0,0.0,0.0,0.71148957866183,0.0,0.0,0.0,0.0,0.0,0.0,0.0,0.0,0.0,0.3714314809864466,0.0,0.0,0.0,0.0,0.0,0.0,0.0,0.0,0.0,0.0,0.0,0.0,0.0,0.0,0.0,0.0,0.0,0.0,0.0,0.0,0.0,0.0,0.0,0.0,0.0
McCartney,0.0,0.0,0.0,0.0,0.0,0.0,0.0,0.0,0.0,0.0,0.0,0.0,0.0,0.0,0.0,0.0,0.0,0.0,0.0,0.0,0.0,0.0,0.0,0.0,0.0,0.0,0.0,0.0,0.0,0.0,0.0,0.0,0.0,0.0,0.0,0.0,0.0,0.0,0.0,0.0,0.0,0.0,0.0,0.0,0.0,0.0,0.0,0.0,0.0,0.0,0.0,0.0,0.0,0.0,0.0,0.0,0.0,0.0,0.0,0.0,0.0,0.0,0.0,0.0,0.0,0.0,0.0,0.0,0.0,0.0,0.0,0.0,0.0,0.0,0.0,0.0,1.0,0.0,0.0,0.0,0.0,0.0,0.0,0.0,0.0,0.0,0.0,0.0,0.0,0.0,0.0,0.0,0.0,0.0,0.0,0.0,0.0,0.0,0.0,0.0
McCartney,0.0,0.0,0.0,0.0,0.0,0.0,0.0,0.0,0.0,0.0,0.0,0.0,0.0,0.0,0.0,0.0,0.0,0.0,0.0,0.0,0.0,0.0,0.0,0.0,0.0,0.0,0.0,0.0,0.0,0.0,0.0,0.0,0.0,0.0,0.0,0.0,0.0,0.0,0.0,0.0,0.0,0.0,0.9988331089608831,0.0,0.0,0.0,0.0,0.0,0.0,0.0,0.0,0.0,0.0,0.0,0.0,0.0,0.0,0.04829513892242994,0.0,0.0,0.0,0.0,0.0,0.0,0.0,0.0,0.0,0.0,0.0,0.0,0.0,0.0,0.0,0.0,0.0,0.0,0.0,0.0,0.0,0.0,0.0,0.0,0.0,0.0,0.0,0.0,0.0,0.0,0.0,0.0,0.0,0.0,0.0,0.0,0.0,0.0,0.0,0.0,0.0,0.0
McCartney,0.0,0.03515849426574479,0.0,0.0,0.0,0.0,0.0,0.0,0.0,0.0,0.0,0.0,0.0,0.0,0.0,0.0,0.0,0.0,0.0,0.0,0.0,0.0,0.0,0.0,0.03913570185746496,0.0,0.0,0.0,0.0,0.0,0.0,0.16212806874586191,0.0,0.0,0.0,0.0,0.0,0.0,0.7179068823906961,0.0,0.0,0.0,0.0,0.0,0.0,0.03249905807747683,0.0,0.02414152589244609,0.0,0.0,0.0,0.0,0.6278265708233082,0.0,0.0,0.0,0.0,0.15015221530706163,0.0,0.0,0.0,0.0,0.0,0.0,0.14687776799951321,0.0,0.0,0.0,0.0,0.0,0.0,0.0,0.0,0.0,0.0,0.0,0.0,0.0,0.0,0.0,0.0,0.0,0.0858965540881043,0.0,0.03565865695149985,0.0,0.04053201718646548,0.0,0.02994960375015709,0.0,0.0,0.0,0.0,0.0,0.06665524799950794,0.0,0.0,0.0,0.0,0.0
McCartney,0.0,0.0,0.0,0.02381518806209218,0.0,0.0,0.019844192443290443,0.0,0.0,0.0,0.0,0.0,0.0,0.0,0.0,0.0,0.0,0.0,0.0,0.0,0.020342675026069762,0.0,0.0,0.0,0.0,0.0,0.0,0.0,0.0,0.0,0.0,0.0,0.0,0.0,0.0,0.0,0.0,0.0,0.0,0.0,0.0,0.0,0.0,0.0,0.0,0.0,0.0,0.0,0.0,0.04177740183290111,0.0,0.0,0.0,0.0,0.0,0.0,0.0,0.0,0.0,0.0,0.0,0.0,0.0,0.0,0.01587319682448871,0.0,0.0,0.0,0.0,0.0,0.0,0.0,0.0,0.0,0.0,0.0,0.0,0.0,0.0,0.0,0.0,0.0,0.0,0.782835747418944,0.0,0.0,0.0,0.0,0.0,0.0,0.019844192443290443,0.0,0.0,0.0,0.0,0.0,0.0,0.0,0.0,0.6191948896143966
McCartney,0.0,0.41263324302980925,0.0,0.0,0.0,0.0,0.0,0.0,0.17958819798793926,0.0,0.0,0.0,0.0,0.0,0.0,0.0,0.0,0.0,0.0,0.0,0.0,0.0,0.40122017962054807,0.0,0.0,0.0,0.0,0.0,0.0,0.0,0.0,0.0,0.0,0.0,0.0,0.0,0.0,0.0,0.0,0.3890069352029092,0.0,0.0,0.0,0.0,0.0,0.0,0.0,0.1888893201814164,0.0,0.0,0.0,0.0,0.0,0.0,0.317132612331209,0.0,0.0,0.19580473081556596,0.0,0.0,0.0,0.0,0.0,0.0,0.2873020731041784,0.0,0.0,0.0,0.0,0.0,0.37808181578714245,0.0,0.0,0.0,0.0,0.0,0.0,0.0,0.0,0.0,0.2917151956758673,0.0,0.0,0.0,0.0,0.0,0.0,0.0,0.0,0.0,0.0,0.0,0.0,0.0,0.0,0.0,0.0,0.0,0.0,0.0
McCartney,0.0,0.1056653373075947,0.0,0.0,0.0,0.0,0.0,0.0,0.20694676269622617,0.0,0.0,0.0,0.7174467894474534,0.0,0.0,0.0,0.0,0.0,0.0,0.0,0.0,0.0,0.0,0.0,0.0,0.0,0.0,0.0,0.0,0.0,0.06325309757285795,0.0,0.512200140607909,0.0,0.0,0.0,0.0,0.0,0.0,0.0,0.0,0.0,0.0,0.0,0.0,0.0,0.0,0.0,0.0,0.0,0.0,0.0,0.0,0.0,0.0,0.0,0.0,0.0,0.0,0.0,0.23914892981581784,0.07471141089129284,0.0,0.0,0.0,0.0,0.08641711732174004,0.0,0.0,0.0,0.0,0.0,0.0,0.0,0.0,0.0,0.0,0.0,0.0,0.0,0.0,0.0,0.0,0.0,0.0,0.0,0.0,0.0,0.0,0.20694676269622617,0.0,0.0,0.21214522854770573,0.0,0.0,0.0,0.0,0.0,0.0,0.08278620368043188
McCartney,0.0,0.12398855160993547,0.0,0.0,0.0,0.0,0.0,0.0,0.0,0.0,0.0,0.0,0.0,0.0,0.0,0.0,0.0,0.0,0.0,0.0,0.0,0.0,0.0,0.0,0.0,0.0,0.0,0.2381287226877044,0.0,0.0,0.29688676164711925,0.0,0.0,0.0,0.0,0.0,0.0,0.0,0.0,0.1753339337417769,0.0,0.0,0.0,0.0,0.0,0.22921977882536976,0.0,0.08513654784057449,0.0,0.0,0.2136047053327657,0.309368363121312,0.0,0.0,0.2858772088926037,0.0,0.20280507277116863,0.0,0.0,0.3884799839615797,0.0,0.0,0.0,0.0,0.0,0.0,0.0,0.0,0.0,0.0,0.0,0.0,0.0,0.0,0.0,0.0,0.0,0.0,0.0,0.0,0.0,0.0,0.0,0.0,0.0,0.0,0.0,0.0,0.5280954244237178,0.0,0.0,0.0,0.0,0.0,0.23506375427209905,0.0,0.0,0.0,0.0,0.0
McCartney,0.0,0.0,0.0,0.0,0.0,0.0,0.0,0.0,0.0,0.0,0.0,0.0,0.0,0.0,0.0,0.10497390696032735,0.0,0.0,0.0,0.0,0.0,0.0,0.0,0.0,0.0,0.0,0.0,0.0,0.0,0.0,0.0,0.0,0.0,0.0,0.0,0.0,0.0,0.0,0.0,0.0,0.0,0.0,0.0,0.0,0.0,0.0,0.0,0.33440226605942747,0.0,0.0,0.0,0.0,0.0,0.0,0.32082238606501856,0.0,0.0,0.0,0.0,0.0,0.0,0.0,0.8625126272454743,0.0,0.0,0.0,0.0,0.0,0.0,0.0,0.0,0.0,0.0,0.0,0.0,0.0,0.0,0.0,0.0,0.0,0.0,0.0,0.12748041247798392,0.0,0.0,0.0,0.0,0.0,0.11852979451557759,0.0,0.0,0.0,0.0,0.0,0.0,0.0,0.0,0.0,0.0,0.0
