Label,a,all,and,are,at,babi,back,be,better,but,can,come,cri,day,do,don,down,feel,for,from,get,girl,go,gonna,good,got,have,he,her,hey,hi,home,how,i,if,in,is,it,just,know,let,like,littl,ll,long,look,love,m,make,man,me,my,need,never,night,no,not,noth,now,of,oh,on,one,onli,out,pleas,re,s,said,say,see,she,so,t,take,tell,that,the,there,they,thing,time,to,up,ve,wa,want,way,we,well,what,when,where,whi,will,with,ye,yeah,you,your
Lennon,5,0,4,3,0,0,0,0,0,0,0,0,0,0,0,0,0,0,0,0,0,0,0,12,0,0,0,0,0,0,0,0,0,0,0,0,0,1,0,0,0,4,0,0,0,0,1,0,1,0,6,14,0,0,0,0,0,12,0,5,0,4,0,0,1,0,0,12,0,0,0,0,0,0,0,0,0,4,0,5,0,0,0,0,0,0,0,1,0,0,0,0,0,0,0,0,0,0,0,0
Lennon,0,7,7,0,2,0,0,3,0,0,0,2,0,0,5,0,0,0,2,0,0,0,0,0,0,9,0,0,0,0,0,2,0,15,0,1,3,0,4,0,0,0,0,5,1,0,0,0,0,0,8,0,0,0,0,0,0,0,0,0,0,6,0,0,0,0,0,2,0,0,0,0,0,0,0,0,2,5,0,0,0,0,12,0,0,0,5,0,0,0,0,2,0,0,2,0,2,7,17,1
Lennon,0,40,0,0,0,0,0,7,0,2,15,0,0,0,2,0,0,0,0,0,0,0,0,0,0,0,0,0,0,0,0,0,2,0,0,1,40,3,0,1,0,0,0,0,0,0,62,0,1,0,0,0,40,0,0,1,0,7,0,0,1,0,1,0,0,0,1,6,0,1,1,0,0,7,0,0,7,1,3,0,0,1,3,0,0,0,0,0,0,0,0,0,1,0,0,0,0,0,53,0
Lennon,0,0,3,0,0,0,0,5,0,3,6,0,0,0,0,2,2,0,0,0,2,0,0,0,0,1,0,0,0,0,0,0,0,4,0,1,3,1,0,0,0,0,0,4,0,1,0,0,0,0,8,1,0,0,0,0,0,0,0,0,0,0,0,0,0,0,0,0,0,1,2,0,0,6,0,2,2,0,1,0,0,0,1,0,3,0,1,0,0,0,0,2,0,0,1,0,0,0,15,5
Lennon,1,18,7,0,13,0,0,8,0,0,0,1,1,0,6,1,0,2,0,0,0,0,0,0,0,0,0,0,0,0,0,0,0,11,3,0,6,2,2,0,0,0,0,8,0,1,1,0,2,0,2,1,2,0,0,0,0,1,0,0,0,1,0,0,0,0,1,0,0,0,0,0,0,2,0,0,0,1,7,0,0,13,5,0,0,0,0,0,0,0,0,1,0,0,1,0,0,0,11,0
Lennon,0,0,6,0,0,0,0,2,0,1,4,0,2,0,0,0,0,0,0,0,0,0,0,0,0,0,0,0,0,0,0,0,0,30,1,1,0,7,0,4,0,0,0,4,0,0,6,4,1,0,8,1,0,6,0,0,1,0,1,5,0,0,0,3,0,0,2,5,0,3,0,0,0,4,0,2,7,2,0,0,2,1,6,0,1,0,2,0,0,0,0,0,0,4,0,0,0,0,15,0
Lennon,0,1,0,0,0,0,0,0,0,0,0,0,1,0,0,0,0,0,0,0,0,0,0,0,0,0,0,0,0,0,0,0,0,0,0,0,10,3,0,0,0,0,0,0,0,0,4,0,1,0,2,1,0,0,0,0,0,0,0,0,0,1,0,0,0,0,0,0,0,0,0,0,0,0,0,0,0,6,0,0,0,0,0,0,0,0,0,0,0,0,0,0,0,0,0,0,0,0,1,0
Lennon,5,2,7,0,2,0,0,4,0,0,0,0,0,1,0,1,0,0,2,0,0,0,0,0,0,0,1,1,0,0,2,0,0,0,0,2,2,0,0,0,0,0,0,1,0,0,0,0,0,0,0,0,0,0,0,0,0,0,0,4,0,3,0,0,0,0,0,1,0,0,0,0,0,1,0,0,0,11,2,0,0,1,2,0,0,0,0,1,0,0,1,1,0,0,6,0,0,0,0,0
Lennon,1,0,2,0,0,0,0,3,0,0,2,19,0,0,1,0,2,1,0,0,0,0,0,0,0,12,0,22,0,0,4,0,0,2,0,1,2,0,1,2,0,0,0,0,0,0,0,0,0,0,20,0,0,0,0,1,0,0,3,0,2,0,7,0,0,1,0,1,0,2,1,0,1,0,0,1,0,0,0,0,1,0,5,1,0,0,0,0,0,0,1,0,0,0,0,0,0,9,6,0
Lennon,5,0,4,0,2,12,6,0,7,0,7,0,28,0,0,0,0,0,7,3,0,0,0,0,0,0,1,0,0,0,0,0,0,3,0,5,0,0,0,7,0,0,0,0,0,0,0,0,7,0,7,0,0,0,0,0,0,0,0,4,0,1,0,0,1,0,0,8,0,0,0,7,6,0,7,0,0,18,0,0,0,0,8,0,0,5,0,0,0,0,0,0,3,0,0,2,0,0,7,7
Lennon,10,0,3,0,0,0,0,0,0,0,0,0,0,8,0,0,0,0,2,0,0,0,0,0,2,2,0,0,2,0,0,0,0,3,0,0,0,3,0,0,0,0,0,0,3,0,0,0,0,0,5,0,0,0,0,0,0,0,3,0,0,0,2,2,8,2,0,2,0,0,0,9,3,0,2,0,0,4,2,0,0,0,5,0,0,3,0,6,0,0,0,0,0,0,0,0,0,5,0,0
Lennon,2,0,2,3,0,0,0,1,0,0,0,4,0,2,0,0,0,0,0,0,0,0,0,0,0,0,0,0,0,1,0,0,0,0,0,0,5,2,0,0,3,1,1,0,0,3,0,0,0,0,3,0,0,0,0,0,0,0,0,1,0,0,0,0,4,0,0,2,0,0,4,0,3,6,0,0,1,10,0,0,0,0,4,4,0,0,0,0,0,0,0,0,0,0,2,0,0,0,12,2
Lennon,5,3,0,2,0,0,0,3,0,0,12,0,0,0,1,0,0,1,0,0,0,0,2,0,0,3,0,0,0,0,0,0,0,12,0,0,3,3,3,2,0,3,0,0,0,0,0,0,0,0,0,0,0,0,0,0,0,0,3,0,4,0,0,0,0,0,0,0,0,0,2,0,3,0,0,0,0,1,0,0,0,0,6,0,0,0,8,0,0,6,0,0,0,0,0,0,5,1,34,0
Lennon,3,0,4,0,0,0,0,0,0,0,1,1,0,1,1,0,0,0,0,0,0,0,0,0,0,0,0,0,0,0,0,0,0,0,0,0,0,6,0,0,0,5,0,0,0,0,0,0,0,0,0,0,0,0,0,0,0,0,1,0,0,0,0,0,0,0,0,0,0,0,0,0,0,0,0,0,1,4,0,0,0,0,1,0,0,1,0,0,1,0,0,0,0,0,0,0,0,0,1,0
Lennon,5,0,0,0,0,0,0,0,0,0,0,0,0,0,6,0,0,0,1,0,0,0,0,0,0,0,0,0,0,0,0,0,2,6,0,6,0,0,1,6,3,0,0,2,3,0,4,3,0,0,3,0,0,2,0,0,3,0,0,0,6,0,0,0,0,0,0,0,0,3,0,0,0,0,0,3,0,3,0,0,0,0,9,0,1,0,3,0,1,0,0,0,0,0,0,3,0,0,15,3
Lennon,4,1,2,0,1,0,0,1,2,0,3,0,0,1,0,0,1,2,1,1,0,0,0,0,0,0,0,11,0,0,1,0,0,3,1,1,0,0,1,0,0,1,0,5,0,0,0,0,2,3,0,4,1,0,1,1,0,0,0,0,0,0,1,0,0,0,5,1,3,0,1,0,0,0,1,0,0,1,1,0,0,1,3,1,0,0,0,0,0,12,0,0,0,0,0,1,0,0,15,0
Lennon,2,0,2,0,0,0,0,0,0,0,1,0,0,0,2,18,17,0,1,1,0,0,0,1,2,0,0,0,0,0,0,0,0,2,1,1,0,4,0,1,17,2,0,0,0,0,5,1,0,0,27,0,0,0,0,1,0,0,0,0,0,0,0,0,0,2,0,3,0,0,0,11,0,18,0,0,3,2,0,0,0,2,0,0,0,0,0,0,0,0,0,0,0,0,0,0,1,2,2,0
Lennon,6,0,3,0,0,0,0,0,0,0,0,24,0,0,0,0,0,0,3,0,0,0,2,0,0,3,0,0,0,1,0,0,0,0,0,2,4,18,0,0,6,0,0,0,0,0,0,0,5,0,3,3,0,0,0,0,0,0,0,0,1,24,0,0,2,0,0,15,0,0,0,0,2,0,7,0,0,4,0,0,0,0,3,0,0,0,0,0,0,0,0,2,0,0,0,0,0,2,4,4
Lennon,3,3,3,1,0,0,1,0,0,0,0,0,1,2,0,2,1,1,0,0,0,18,1,0,1,0,0,1,2,0,2,0,0,4,1,0,1,4,0,1,0,0,0,0,0,1,0,0,1,1,2,1,0,0,0,0,0,0,0,4,0,0,0,0,0,0,0,6,1,1,0,11,2,2,0,0,2,5,2,1,0,2,9,0,1,2,1,0,0,0,0,6,0,1,2,0,0,0,6,0
Lennon,6,1,1,0,0,0,1,2,0,0,3,0,0,0,0,0,0,0,1,0,0,0,1,0,0,0,0,1,0,0,0,0,1,4,0,1,1,0,0,2,0,0,0,0,0,5,0,0,2,3,2,0,0,0,0,0,0,1,0,0,3,2,0,0,0,0,1,4,0,0,1,0,0,0,0,1,1,9,1,0,0,0,4,0,0,1,0,0,1,3,0,0,2,0,0,0,0,6,9,0
Lennon,5,0,2,0,0,0,0,0,0,4,0,0,0,1,3,1,1,2,2,0,1,0,3,0,27,3,0,0,0,0,2,1,1,4,0,5,3,9,0,2,0,1,0,0,0,0,0,1,0,0,0,0,1,0,0,0,0,8,2,1,0,1,0,0,0,0,4,11,0,4,2,1,0,1,1,0,1,6,1,0,0,2,16,1,3,0,1,0,0,0,1,0,0,0,0,0,0,0,13,2
Lennon,0,0,2,0,0,0,0,0,0,0,0,0,0,0,0,0,0,0,6,0,0,0,0,0,10,0,0,0,0,0,2,0,0,2,0,0,0,1,0,0,0,0,0,2,0,0,0,0,0,0,3,0,0,0,10,0,0,0,4,0,0,0,0,0,2,0,0,1,0,1,0,0,0,0,0,0,0,3,0,0,0,1,2,0,0,0,0,0,0,0,0,0,0,0,0,0,0,0,3,2
Lennon,12,0,2,1,0,0,0,0,0,0,1,0,0,0,7,1,3,1,0,0,0,1,2,0,0,0,0,1,0,0,4,0,0,8,0,2,8,2,0,2,0,1,0,0,0,0,0,2,0,1,1,2,2,0,0,1,1,0,0,2,1,3,0,0,0,0,0,2,0,0,0,2,0,1,0,0,2,13,0,0,0,0,2,0,0,0,0,0,0,1,0,1,0,0,0,3,2,1,2,1
Lennon,0,0,7,2,0,0,3,3,0,3,3,0,0,2,3,0,3,4,0,0,3,0,0,0,0,0,0,0,0,0,0,0,0,22,3,4,0,0,2,2,0,1,0,0,0,0,0,5,0,0,11,7,5,3,0,0,3,0,6,0,1,3,0,0,0,6,0,2,0,0,0,0,6,3,0,0,1,6,0,0,0,0,1,2,3,2,0,3,0,0,0,2,0,0,0,0,0,0,11,0
Lennon,10,1,2,7,1,0,0,0,0,0,0,2,0,0,0,2,2,0,2,3,1,1,0,0,0,2,1,3,0,0,0,0,6,16,2,5,1,1,0,1,2,3,1,0,1,0,0,6,0,3,2,2,0,0,0,0,0,0,0,2,1,1,2,0,1,0,0,3,0,0,6,0,0,2,1,0,0,22,0,10,0,0,3,2,2,0,0,0,1,1,1,0,0,0,0,0,0,0,12,3
Lennon,0,0,0,0,6,0,0,1,0,3,8,0,0,0,0,4,0,0,1,0,0,0,1,2,0,0,0,0,0,0,0,0,0,22,0,0,0,4,2,4,0,0,0,0,0,0,0,4,2,2,0,0,0,3,6,0,5,0,0,2,4,1,0,0,0,0,1,0,0,0,0,0,0,10,2,0,2,2,1,0,0,0,1,0,1,1,0,0,0,0,0,0,0,0,0,0,0,0,4,6
Lennon,4,0,4,0,0,0,0,2,0,0,0,0,0,0,2,4,0,0,4,0,0,0,2,0,0,0,0,0,8,0,0,0,0,32,5,2,0,0,0,2,2,0,0,6,2,2,4,2,0,0,6,2,0,0,0,2,2,2,0,0,0,0,0,0,0,2,0,8,0,0,0,6,4,4,2,0,0,2,6,0,0,0,4,2,4,0,2,0,0,0,4,1,0,0,2,0,0,0,0,0
Lennon,0,4,6,0,0,5,0,1,0,0,1,0,0,0,0,0,0,6,0,0,0,2,0,0,1,0,0,2,9,0,0,0,0,11,0,6,0,0,0,10,0,0,2,0,0,0,6,5,0,0,6,2,0,0,0,0,0,0,0,0,0,0,0,0,0,0,0,13,5,2,0,19,9,0,0,4,4,4,0,0,2,2,1,0,0,0,0,0,0,0,0,0,0,0,0,6,0,0,10,0
Lennon,4,0,4,0,0,0,0,4,1,0,4,0,0,0,3,0,0,0,0,0,0,1,0,4,0,1,2,0,0,6,0,0,0,13,1,0,1,0,0,0,0,1,0,0,0,0,11,0,0,0,12,0,0,2,0,0,0,0,0,1,2,0,0,2,0,0,4,0,0,4,4,0,1,4,0,2,6,0,0,0,1,0,5,0,1,0,0,0,0,0,2,4,0,0,0,1,0,0,24,0
Lennon,0,0,0,0,0,0,0,0,0,0,0,0,0,0,0,0,0,0,0,0,0,0,0,0,0,0,0,0,0,0,0,0,0,24,0,0,0,12,0,2,0,0,0,0,0,0,0,0,0,0,12,0,0,0,0,0,0,0,0,0,0,0,0,0,0,0,0,16,0,0,0,4,16,0,0,0,0,0,0,0,0,0,0,0,0,0,24,0,0,0,0,0,0,0,0,0,0,1,26,0
Lennon,0,0,7,2,0,0,0,4,0,0,0,0,2,0,0,2,0,0,0,1,0,0,0,0,0,0,0,0,2,0,0,0,0,16,7,6,0,0,1,0,0,1,0,0,0,0,12,0,0,0,2,2,0,0,0,0,0,0,0,0,2,0,0,0,0,2,0,0,0,0,2,4,2,4,0,0,6,3,0,0,0,0,4,0,1,3,0,0,2,0,0,2,0,0,2,2,0,0,11,0
Lennon,1,0,0,0,0,0,3,2,2,5,0,0,0,0,2,0,0,0,0,1,0,0,3,0,0,1,0,0,0,0,0,0,0,19,3,0,0,0,0,2,0,0,0,4,0,0,1,4,0,0,1,4,0,0,0,0,2,0,0,0,3,0,2,0,0,0,0,0,0,0,0,0,1,0,0,0,5,2,0,0,2,2,10,0,0,0,3,0,0,0,0,0,0,0,2,0,1,0,16,0
Lennon,1,4,4,0,0,0,2,1,2,4,5,2,6,0,4,2,0,0,0,0,4,3,0,6,0,2,0,0,0,0,0,0,0,28,2,2,0,0,1,0,0,0,0,6,0,0,2,6,1,2,0,3,0,0,0,0,0,0,1,0,0,2,0,1,0,0,0,3,0,0,1,0,2,5,0,0,2,5,4,2,0,0,5,1,3,0,0,1,0,0,2,6,0,0,0,0,2,0,6,2
Lennon,14,2,9,1,0,0,0,4,0,0,0,1,1,0,0,0,0,0,1,1,0,1,0,0,0,0,6,0,1,0,0,0,0,30,0,2,2,3,0,0,0,2,0,0,0,0,2,13,0,0,3,2,0,1,0,0,4,0,0,1,0,0,1,0,0,0,0,4,0,0,0,2,2,1,0,1,2,3,1,0,0,0,8,0,0,1,0,0,0,0,5,0,0,0,0,0,0,0,2,0
Lennon,0,1,1,0,0,0,0,0,0,0,2,0,0,0,4,2,0,0,0,0,0,0,0,0,0,0,0,0,0,0,2,0,0,24,3,4,6,1,9,0,2,0,0,3,0,0,4,8,0,0,3,2,3,0,1,0,0,4,0,0,5,0,0,0,0,0,0,6,0,0,2,0,3,4,2,0,0,0,4,0,0,0,11,0,1,0,2,0,2,0,0,3,0,0,0,11,0,0,15,1
Lennon,4,2,3,0,2,0,0,0,0,0,0,0,0,2,0,7,0,1,1,0,0,0,2,0,0,0,0,0,0,0,0,0,0,17,0,6,0,0,0,0,0,0,0,0,0,0,0,11,0,0,6,8,1,0,0,3,0,0,0,2,0,2,0,4,0,4,1,1,0,0,0,0,0,7,2,0,0,7,2,2,0,2,1,4,0,0,0,0,0,0,0,4,2,0,0,0,0,0,0,0
Lennon,7,0,2,0,0,0,0,0,0,3,4,0,0,0,4,1,0,1,4,0,1,0,2,0,0,4,1,1,0,0,0,0,0,31,0,0,2,6,0,8,0,0,4,1,0,0,0,11,0,0,2,4,0,0,0,5,0,0,0,4,0,4,0,0,0,0,0,6,0,2,0,0,7,6,0,0,0,1,0,0,0,0,1,1,4,1,0,0,0,0,2,0,0,0,0,0,0,0,17,0
Lennon,0,1,0,0,0,0,0,15,0,1,0,9,1,2,0,0,1,0,0,1,0,0,0,0,2,0,0,0,0,0,0,6,0,16,0,0,0,12,0,4,0,2,0,3,12,0,0,2,0,0,3,2,0,0,2,1,0,1,3,0,0,3,0,0,0,0,8,0,0,0,0,0,3,13,0,0,1,1,0,0,0,0,4,0,1,0,0,0,1,0,0,1,0,0,0,0,0,27,15,0
Lennon,0,4,5,0,0,0,0,0,0,2,0,0,0,0,2,0,0,2,0,0,1,1,1,0,0,0,0,0,0,0,0,0,0,10,0,0,5,9,2,0,0,0,0,0,0,0,8,1,2,0,0,4,0,0,1,0,0,0,0,1,1,0,0,4,0,0,0,7,0,0,1,0,4,1,0,0,5,4,0,0,0,0,1,1,0,0,0,2,0,0,0,3,0,3,0,0,1,0,9,0
Lennon,5,0,0,0,0,0,0,0,0,1,1,0,0,0,0,0,0,0,1,0,0,0,0,0,0,0,0,0,1,0,0,0,0,9,0,1,2,1,1,0,0,0,0,0,0,0,5,0,0,0,5,2,0,0,0,0,0,0,0,7,0,0,0,1,0,0,0,0,0,2,0,0,5,0,0,0,0,1,0,0,0,0,1,0,0,0,0,0,0,0,1,1,0,0,0,0,0,0,1,0
Lennon,7,0,4,0,1,0,1,0,0,0,0,0,0,0,0,0,1,0,1,0,0,3,0,0,0,0,0,0,2,0,0,0,0,0,0,20,1,0,0,0,0,0,0,0,0,2,0,0,0,0,0,0,0,0,0,0,0,0,0,1,0,3,0,0,0,0,1,1,0,0,0,1,1,0,1,0,1,23,1,0,0,0,2,0,0,0,0,0,0,0,0,0,1,0,0,22,0,0,5,2
Lennon,7,0,0,0,1,0,0,0,0,0,0,0,0,0,0,0,0,0,0,0,0,0,0,0,0,0,0,1,0,0,2,0,0,0,0,5,0,0,0,0,0,0,0,0,0,1,0,0,0,4,0,0,0,1,0,0,0,0,0,0,0,0,0,1,2,0,0,2,0,0,0,2,0,0,1,0,1,4,0,0,0,0,3,2,0,0,0,0,0,0,0,0,0,0,0,0,0,0,0,0
Lennon,2,0,1,0,0,0,0,0,0,1,0,0,0,0,0,0,0,0,0,0,0,0,0,0,0,0,0,0,0,0,0,2,0,21,1,6,0,1,0,3,0,0,0,1,0,1,1,0,0,2,2,2,0,0,0,4,2,0,0,0,0,0,0,0,0,0,0,2,3,0,1,0,0,1,0,0,5,3,0,3,0,0,4,1,2,0,0,0,0,0,0,2,2,0,0,2,0,0,14,5
Lennon,3,0,6,0,0,0,0,0,0,0,0,0,0,0,0,0,0,0,1,0,0,1,0,0,2,0,0,0,3,0,0,0,0,10,0,2,0,3,0,0,0,0,0,0,0,1,0,0,0,0,5,1,0,0,0,0,0,0,0,0,0,1,0,0,0,0,0,1,1,1,0,7,2,4,0,0,0,3,1,0,0,2,4,0,0,1,0,0,1,0,0,1,0,0,0,0,0,0,0,0
Lennon,5,0,2,0,0,0,2,0,0,0,0,0,6,0,0,0,0,0,2,0,0,0,0,0,0,0,0,0,0,0,0,0,0,10,0,2,0,2,0,2,0,0,0,0,0,0,0,2,0,0,6,0,0,0,0,14,5,0,2,0,2,0,0,0,0,0,4,2,0,0,4,0,0,0,0,0,0,2,0,0,0,5,2,0,2,0,0,0,0,0,0,0,0,4,0,0,0,1,14,2
Lennon,7,6,2,0,3,0,0,1,0,0,2,0,0,0,0,4,0,0,4,0,0,0,2,0,0,0,2,9,0,0,6,0,0,0,0,2,2,1,1,4,0,2,0,0,0,0,0,0,4,8,3,0,0,0,0,0,2,0,0,2,0,0,0,0,0,2,2,5,0,0,3,0,0,8,1,0,0,2,0,0,0,1,3,0,0,0,1,0,0,0,3,0,2,0,0,0,0,0,8,3
Lennon,0,0,1,0,0,5,0,4,0,0,0,4,0,0,0,4,0,0,0,0,0,0,1,0,0,4,0,0,2,0,0,2,0,16,0,0,0,0,0,0,0,0,0,0,0,0,0,3,0,0,1,6,0,0,0,0,1,0,0,0,1,17,9,2,0,0,1,9,17,1,0,12,0,4,0,0,3,16,0,0,0,0,3,4,4,0,0,0,0,2,0,0,0,0,0,1,0,1,3,0
Lennon,0,1,0,0,0,0,0,0,0,1,0,12,0,0,4,2,0,0,0,0,0,4,0,0,0,0,1,0,0,0,0,0,0,12,0,1,0,1,0,2,0,5,0,0,0,0,2,0,1,0,7,3,1,2,2,0,0,0,0,0,0,12,0,0,0,12,0,2,2,1,0,0,1,2,0,0,0,2,1,0,0,0,6,0,0,0,1,1,0,0,0,0,0,3,0,2,0,6,11,0
Lennon,3,0,1,0,0,0,0,0,0,1,0,0,0,0,0,0,0,0,0,0,1,1,0,0,0,0,0,0,3,0,0,0,0,0,0,3,0,0,0,0,0,1,0,0,0,1,0,0,1,1,0,0,0,0,0,0,0,0,0,3,0,0,0,0,0,0,0,4,0,1,3,6,1,0,0,0,1,4,0,0,0,0,1,0,0,1,0,0,0,2,0,1,0,0,0,0,2,6,4,0
Lennon,1,0,3,0,0,0,0,1,0,0,6,3,0,0,0,2,0,0,0,0,0,0,0,0,0,0,0,0,0,0,0,0,0,5,3,0,0,3,1,0,0,0,0,0,0,0,0,0,0,0,3,0,0,0,0,0,0,0,0,1,0,0,0,0,0,0,0,4,0,0,0,0,0,2,0,0,2,10,0,3,0,0,1,0,0,0,0,0,0,1,0,5,0,0,0,0,0,0,6,0
Lennon,3,6,0,0,0,0,0,3,1,3,3,0,0,0,0,4,0,0,2,0,0,0,1,4,0,1,1,0,0,0,0,0,0,1,2,0,1,6,0,10,0,0,0,1,0,0,1,0,1,0,4,0,0,0,0,0,0,0,0,1,0,0,0,0,1,0,1,5,0,3,1,0,0,5,0,3,3,5,0,0,0,0,2,0,0,0,2,0,6,6,1,1,0,0,0,2,0,0,27,2
Lennon,3,0,3,0,0,1,0,3,6,0,5,0,0,0,0,0,0,0,4,0,0,16,0,0,0,0,0,0,0,0,0,0,0,12,4,4,0,0,1,3,1,0,16,0,0,0,0,2,1,6,0,1,0,0,0,0,0,0,0,0,0,0,0,0,0,0,0,4,1,0,3,0,0,3,0,0,5,9,0,0,0,0,3,0,1,1,0,0,0,2,0,0,2,0,0,7,0,0,20,10
Lennon,5,4,1,3,1,0,0,0,0,0,0,0,0,1,0,0,2,0,5,0,2,0,0,0,0,0,2,0,2,0,0,0,2,0,0,0,0,2,4,2,0,0,0,2,0,0,0,0,0,0,0,0,0,0,0,0,0,0,0,5,4,1,1,0,0,0,0,1,0,0,2,3,0,0,0,0,0,8,0,0,0,0,4,0,0,3,0,0,2,0,2,0,0,0,0,0,0,0,20,2
Lennon,2,1,2,0,0,0,0,5,0,0,0,0,0,0,0,2,0,5,0,0,0,0,0,0,0,0,0,0,0,0,0,0,0,23,0,1,2,5,0,11,0,7,0,0,0,0,0,3,5,0,5,0,0,4,0,6,0,0,0,0,0,0,0,0,0,0,5,4,11,0,0,5,0,2,0,0,4,0,0,0,2,0,7,0,4,6,0,0,0,0,9,2,0,0,0,0,0,0,11,1
Lennon,1,4,4,0,0,0,0,2,0,4,1,0,0,0,0,0,4,0,0,0,5,0,4,0,0,0,0,0,0,0,0,0,0,13,0,2,9,9,0,4,4,0,0,0,0,0,0,4,0,0,6,1,0,0,0,2,1,8,0,0,0,0,1,0,1,0,0,6,0,0,1,0,0,2,4,0,3,0,0,0,0,0,10,0,0,0,0,0,0,0,0,1,0,0,0,1,1,0,8,0
Lennon,0,0,0,0,0,0,0,0,0,0,0,3,0,0,0,0,0,0,0,0,0,0,0,0,0,0,0,0,0,0,0,0,0,0,0,0,0,0,0,0,0,0,0,0,0,0,0,0,0,0,0,0,0,0,0,0,0,0,0,0,0,0,0,0,0,0,0,2,0,0,0,0,0,0,0,0,0,3,0,0,0,0,0,0,0,0,0,0,0,0,0,0,0,0,0,0,0,0,0,0
Lennon,0,1,10,0,0,0,1,0,0,1,3,0,8,0,2,1,0,0,0,0,0,0,1,0,0,0,1,0,0,0,0,0,0,10,3,2,2,2,0,0,0,0,0,2,0,0,1,1,0,0,19,5,0,0,0,0,0,0,0,0,1,3,0,1,0,0,0,1,1,0,0,0,2,3,0,9,1,0,1,0,0,0,10,0,0,0,0,0,0,2,1,0,0,16,0,1,0,0,23,0
Lennon,6,1,0,6,1,0,3,5,0,1,7,0,0,1,1,1,1,0,2,2,3,0,7,6,1,1,1,0,0,0,1,0,5,1,0,8,0,12,1,11,0,1,0,0,0,1,0,0,1,1,6,0,0,0,1,0,0,1,0,1,0,0,0,1,0,0,8,2,6,2,0,1,0,7,1,0,0,19,0,8,6,0,11,1,1,0,0,6,2,0,1,1,0,0,0,1,0,0,20,3
Lennon,1,4,2,0,0,0,0,0,0,1,0,0,0,0,0,0,0,0,0,0,0,0,0,0,0,0,1,4,0,14,4,0,0,0,2,3,0,1,0,0,0,0,0,0,0,2,0,0,0,0,0,0,0,0,0,0,2,0,0,2,0,0,0,0,1,0,0,2,0,0,0,0,2,0,0,0,0,8,0,0,0,0,1,0,0,1,0,0,0,0,14,1,1,0,0,1,0,0,14,0
Lennon,6,0,5,0,0,0,0,1,0,0,2,0,0,0,1,2,0,4,0,0,0,0,3,0,0,0,0,0,0,0,0,0,0,10,0,1,2,4,0,2,0,1,0,1,0,0,1,2,0,0,0,4,0,0,0,4,0,0,0,1,0,0,0,1,0,0,0,11,1,0,0,0,2,2,0,0,2,1,10,0,2,2,0,0,0,0,0,0,0,0,0,6,2,0,0,0,0,0,6,0
Lennon,0,0,1,0,0,0,3,2,0,2,0,0,1,0,0,0,0,1,1,0,1,0,0,0,1,0,0,3,0,0,0,0,0,0,1,0,0,1,1,0,0,0,0,1,0,0,2,0,0,0,0,2,0,0,0,0,0,0,0,0,2,0,0,0,0,0,0,1,0,0,0,0,0,3,0,0,3,2,0,0,0,0,1,0,0,0,3,0,0,0,0,0,0,0,0,0,0,0,7,0
Lennon,12,0,0,0,0,6,0,4,0,4,0,0,0,0,4,12,2,0,1,0,2,2,3,1,0,12,0,0,2,0,0,0,0,10,0,0,3,2,0,2,0,0,0,0,0,0,0,2,0,0,8,6,0,2,0,0,0,0,0,0,2,0,0,0,0,0,0,18,2,2,0,32,2,12,0,0,4,2,0,0,0,0,23,0,0,3,0,0,0,0,0,2,0,2,0,2,0,5,0,0
Lennon,0,2,3,0,0,0,0,2,0,1,0,0,0,0,0,0,1,0,0,0,0,0,0,0,0,0,0,0,0,0,0,0,0,0,0,0,14,12,0,2,0,0,0,0,0,0,2,0,0,0,0,0,0,0,0,0,4,0,0,9,0,0,0,0,0,0,0,0,0,0,1,0,0,0,0,0,3,13,0,0,0,0,3,0,0,0,0,0,0,0,0,0,0,0,0,0,0,0,1,2
Lennon,7,0,1,0,0,1,0,1,0,0,0,4,0,0,1,0,0,0,2,0,6,1,0,3,0,10,0,0,9,0,0,8,0,23,1,1,0,0,0,0,1,0,0,1,0,0,2,2,0,0,2,2,0,0,0,2,0,0,0,6,0,3,0,0,2,1,0,1,0,1,1,0,1,0,0,5,1,1,0,0,7,1,6,0,0,0,0,2,0,0,0,6,0,0,0,1,0,1,2,0
Lennon,0,0,2,0,0,0,0,0,0,1,0,0,0,0,0,0,0,2,0,0,0,5,0,0,0,0,0,1,0,0,0,0,0,10,5,2,0,1,1,6,0,1,0,0,0,0,0,3,0,0,0,7,0,0,0,0,0,0,0,3,0,0,0,0,0,0,0,2,0,0,0,0,2,5,0,0,0,12,0,0,0,0,8,0,0,2,8,0,0,0,1,0,0,5,0,0,2,1,6,0
Lennon,0,1,1,0,0,1,0,2,0,2,0,0,0,0,0,2,0,0,3,0,0,0,0,0,0,0,0,0,2,0,0,0,0,9,3,2,18,23,0,1,0,0,0,0,0,0,0,1,2,0,2,5,0,0,0,0,0,0,0,2,2,0,0,0,0,2,0,11,3,0,0,1,0,2,0,0,3,5,0,0,1,0,0,0,0,0,0,0,1,0,4,0,0,0,2,2,13,2,5,0
Lennon,1,0,4,0,0,0,0,0,0,2,6,0,0,0,5,0,4,2,0,0,0,0,5,0,0,1,1,0,0,0,0,0,0,20,5,2,0,2,0,0,4,0,0,1,0,0,2,5,0,0,2,6,0,0,0,0,0,0,0,2,4,0,3,0,2,2,0,4,0,1,0,0,2,6,0,1,8,3,0,4,0,2,11,0,1,0,2,2,0,1,0,0,0,0,0,0,0,0,24,2
Lennon,0,0,3,0,0,1,0,0,0,0,0,1,0,0,0,0,0,0,2,0,0,0,1,0,2,0,0,0,0,0,0,0,0,0,0,0,0,3,0,48,3,0,0,0,0,11,0,0,0,0,1,33,0,0,0,0,0,0,0,0,3,2,0,0,0,0,0,7,0,0,0,0,0,0,0,0,3,9,0,0,0,0,1,10,0,0,0,0,0,0,1,0,0,0,0,1,0,1,53,0
Lennon,2,0,5,0,0,0,0,1,0,0,2,0,0,0,2,3,0,0,0,2,0,13,0,18,0,0,0,0,15,0,0,0,0,9,3,0,0,0,0,0,0,0,0,3,0,0,0,0,2,0,0,1,0,0,0,0,0,0,0,2,0,0,1,0,4,0,16,2,0,0,0,2,0,3,6,0,13,3,0,0,0,0,0,0,0,0,0,2,0,0,2,0,0,0,5,0,0,2,24,0
Lennon,1,1,2,0,1,0,0,0,0,0,4,0,0,1,0,0,0,1,0,0,0,0,1,0,0,4,0,0,0,4,0,0,2,7,1,3,0,0,0,0,1,0,0,0,0,0,5,1,0,0,3,1,0,1,0,0,0,0,0,0,0,1,0,0,0,0,0,1,0,3,2,2,0,1,0,0,0,2,0,0,0,0,6,0,4,0,0,1,0,0,0,0,0,0,1,0,0,0,6,4
McCartney,0,10,9,0,0,0,0,4,0,0,0,1,0,3,0,0,0,0,0,0,0,0,0,0,0,0,0,0,0,0,0,3,0,23,0,0,0,0,0,0,0,0,0,15,0,0,0,4,0,0,0,11,0,0,0,0,0,0,0,0,0,0,0,0,0,0,0,0,0,0,0,0,0,0,0,0,2,1,0,0,0,0,6,0,0,0,0,0,0,0,0,0,0,0,4,0,0,0,10,2
McCartney,2,24,1,0,2,0,0,0,0,0,3,0,0,0,0,0,0,0,0,0,0,0,0,0,0,0,1,0,0,0,0,0,0,7,0,0,0,0,0,0,0,0,1,0,0,2,3,0,0,0,2,2,0,0,0,0,0,0,24,0,0,0,1,0,0,0,0,0,0,0,0,0,0,0,1,0,0,6,0,0,0,0,2,0,0,0,0,0,0,0,0,0,0,0,0,0,0,0,3,0
McCartney,1,2,5,2,0,0,0,0,0,0,0,0,0,0,1,0,0,0,0,0,0,0,0,0,0,0,1,0,6,0,0,0,0,9,1,0,2,0,0,2,0,1,0,0,1,0,10,0,0,0,3,3,0,3,0,0,0,0,0,2,0,0,0,0,0,0,0,1,0,0,0,2,0,0,0,0,3,5,0,0,0,0,1,0,0,0,0,0,0,0,0,0,0,0,2,0,0,0,3,0
McCartney,1,2,7,0,0,0,0,2,1,4,2,0,0,0,2,8,0,0,5,3,0,12,0,0,0,7,5,0,0,0,0,0,0,24,0,1,0,0,0,0,0,0,0,0,0,0,2,1,1,0,3,2,0,0,0,3,0,0,0,0,0,0,0,0,0,0,1,4,0,3,0,4,1,11,3,1,6,4,0,0,0,1,2,0,6,0,5,0,0,3,4,0,0,0,4,2,0,0,6,0
McCartney,2,0,5,4,0,0,14,2,0,0,0,2,0,0,0,4,1,0,0,1,1,4,0,0,2,0,0,0,0,4,0,2,4,8,0,13,0,3,0,4,2,0,0,0,1,0,0,6,2,1,8,4,0,0,1,0,0,0,0,0,3,5,0,0,3,0,0,27,0,0,0,0,2,5,1,1,2,20,0,2,0,0,5,0,0,1,0,2,0,0,0,0,0,0,0,0,0,3,9,4
McCartney,7,0,0,0,0,0,0,0,0,0,0,1,0,0,0,0,0,0,0,0,0,0,0,2,2,0,2,0,0,0,0,0,0,6,0,0,0,8,0,0,0,4,0,0,0,0,0,2,0,0,0,2,0,0,0,0,0,0,0,0,0,1,1,0,0,0,5,8,0,4,0,0,0,0,2,0,0,0,0,4,0,2,9,0,0,0,0,0,5,2,0,0,0,0,0,0,3,3,6,6
McCartney,2,3,3,0,0,0,0,1,0,0,0,0,0,0,0,0,0,0,5,0,0,0,0,0,0,0,0,0,0,0,0,0,0,0,0,3,0,0,0,0,0,0,0,0,0,0,0,0,0,0,0,0,0,0,5,0,0,0,0,5,0,0,0,5,0,0,0,0,0,0,1,0,0,0,3,0,0,5,0,0,0,0,8,0,0,0,0,0,0,0,0,0,0,0,0,0,0,0,5,3
McCartney,2,1,2,0,0,0,0,2,0,1,13,0,0,0,0,6,0,2,4,0,1,0,0,0,0,2,1,0,0,0,0,0,0,13,3,0,0,2,2,0,0,0,0,6,0,0,15,0,2,0,17,2,2,0,0,4,1,0,0,2,0,0,0,0,0,0,0,0,0,3,0,0,2,19,0,4,4,2,0,0,2,0,3,0,1,0,2,0,0,0,1,0,0,0,0,0,0,0,12,0
McCartney,4,0,1,0,0,0,0,0,0,0,0,0,0,0,0,0,1,0,0,0,0,0,0,4,0,0,0,0,0,0,0,0,0,3,0,1,0,0,0,0,0,0,0,0,4,0,0,0,0,0,0,2,0,1,0,0,0,0,0,1,0,0,0,1,0,0,4,0,0,0,0,0,0,0,0,0,8,2,0,0,0,4,0,0,0,0,0,0,0,0,0,0,0,0,0,0,0,0,6,0
McCartney,9,1,7,0,0,10,0,6,1,3,11,0,0,0,1,0,0,0,1,0,0,3,0,4,1,2,0,0,0,0,0,0,0,16,0,1,1,2,0,0,0,0,0,4,0,0,4,4,0,0,0,10,0,0,0,1,0,0,0,1,0,0,0,0,0,0,0,3,3,1,1,4,0,1,0,0,4,1,0,0,0,1,2,0,0,0,1,0,0,0,1,1,0,0,0,0,4,6,15,0
McCartney,10,2,0,0,0,0,0,0,0,4,2,0,0,10,0,0,0,0,0,0,0,5,0,0,0,4,0,0,0,0,0,0,0,14,0,0,2,2,2,2,0,2,0,0,0,0,22,0,0,0,16,4,6,0,0,0,2,4,0,0,0,2,2,0,0,0,0,2,0,2,0,0,0,4,0,0,0,2,0,0,2,2,2,0,0,0,0,0,0,0,0,0,0,0,0,0,0,0,12,2
McCartney,4,16,1,0,6,0,0,0,0,0,0,4,0,0,6,0,0,0,1,5,0,0,0,0,0,0,0,2,1,0,2,0,0,0,0,5,1,1,0,0,0,0,0,0,0,5,0,0,0,0,0,0,0,0,1,3,0,0,0,1,0,0,3,0,0,0,0,1,0,0,0,1,0,0,0,0,2,20,2,6,0,0,0,1,0,2,0,0,0,0,1,1,7,0,1,1,0,0,0,0
McCartney,1,0,3,0,0,0,0,0,0,0,1,0,0,0,0,0,0,0,7,0,0,0,0,0,0,0,0,0,5,0,0,0,0,12,0,0,1,0,1,7,0,0,6,0,0,0,4,6,0,0,9,0,0,1,0,0,0,0,2,1,0,0,1,0,0,0,0,0,0,0,0,14,0,1,0,1,2,4,1,0,10,1,1,0,0,1,0,0,0,0,0,2,0,0,2,1,2,3,3,0
McCartney,5,0,11,0,0,0,0,0,0,0,0,0,0,0,0,2,0,0,1,4,5,0,7,0,0,0,0,0,0,4,0,0,0,18,2,5,1,7,0,0,0,0,0,0,0,0,0,12,0,0,2,7,0,2,0,0,0,0,0,1,0,0,0,0,0,0,0,0,0,0,1,0,0,5,1,0,2,8,2,3,1,1,0,0,0,0,0,1,0,0,0,1,12,2,6,0,0,0,0,0
McCartney,3,2,5,0,0,0,0,1,0,1,0,0,3,2,0,1,0,1,3,0,0,0,0,0,0,0,3,1,10,0,0,1,0,0,0,3,1,0,0,0,0,0,0,0,1,0,7,0,1,0,0,0,5,0,0,8,0,3,1,4,0,1,3,0,1,0,0,1,1,2,3,13,0,4,1,0,5,4,1,0,1,2,1,2,0,0,1,0,0,0,0,3,0,0,2,0,0,0,13,5
McCartney,5,1,2,0,0,0,26,0,0,4,1,1,0,0,0,0,0,0,1,0,27,1,0,0,0,1,0,2,1,0,1,1,0,2,0,1,0,3,0,0,0,1,0,0,0,0,0,0,0,2,0,0,0,0,0,0,0,0,0,1,1,1,0,0,0,0,0,1,0,2,0,8,0,1,0,0,0,6,0,0,0,0,9,0,0,6,0,0,1,0,0,0,8,0,0,0,0,2,9,0
McCartney,3,11,2,0,1,0,0,2,20,1,2,0,0,0,2,0,1,0,0,1,18,0,0,0,0,3,2,0,2,0,0,0,0,16,0,1,0,14,0,0,0,0,3,0,0,0,1,3,0,2,8,3,0,0,0,0,0,0,0,0,0,0,0,0,0,0,1,14,0,0,0,1,3,1,0,0,3,17,0,0,1,11,9,1,6,1,0,0,0,0,0,0,0,0,0,1,1,0,5,1
McCartney,7,0,3,0,0,0,4,0,0,0,0,0,3,0,3,0,0,0,0,0,4,0,0,0,0,0,0,0,0,0,0,2,0,3,0,0,0,0,0,0,0,0,0,0,0,0,0,0,0,0,0,0,0,0,0,0,3,0,0,0,0,0,0,0,0,0,0,0,0,0,0,0,0,0,0,0,0,0,4,0,0,0,4,0,0,4,0,4,0,0,0,1,0,0,3,0,0,0,2,1
McCartney,4,0,3,0,0,0,0,0,0,0,1,0,0,17,0,0,1,2,0,0,0,0,0,0,18,1,0,0,1,0,0,0,0,7,0,2,3,1,0,2,0,0,0,0,0,1,3,2,0,0,1,1,1,0,0,0,0,0,0,0,0,0,0,0,1,0,0,3,0,0,0,5,1,0,1,0,1,3,0,1,0,0,2,0,1,0,0,1,2,0,0,1,0,0,0,0,0,0,0,0
McCartney,2,0,4,0,0,0,0,3,0,0,2,0,0,4,2,0,0,0,1,0,3,0,0,0,0,3,0,0,0,0,0,0,0,31,2,1,0,0,1,3,0,0,0,2,0,0,0,2,0,0,2,6,3,1,0,0,0,0,0,5,0,0,0,0,0,0,0,0,0,1,5,0,0,4,0,3,0,1,6,0,0,1,7,0,1,2,3,1,2,0,4,1,2,0,0,1,0,0,22,0
McCartney,0,0,7,0,0,0,0,0,0,0,0,0,0,0,1,10,0,0,0,0,0,0,6,0,0,0,0,0,0,0,0,0,0,29,0,0,0,0,0,10,0,0,0,0,0,0,0,0,0,0,0,0,0,0,0,6,0,0,0,0,5,0,0,0,0,0,0,0,0,39,0,0,0,10,0,0,0,0,0,0,0,0,0,0,0,0,0,0,0,0,0,0,0,15,0,0,2,0,20,0
McCartney,5,0,8,0,0,0,2,3,0,6,0,7,0,0,2,4,5,0,2,0,4,0,4,0,0,1,0,0,0,0,0,0,0,19,0,0,2,0,0,0,2,0,0,0,0,4,1,4,2,0,15,1,0,0,0,3,0,0,1,2,1,3,0,0,4,0,0,1,0,0,2,4,0,8,0,10,0,11,0,0,0,0,9,0,0,0,3,0,0,4,0,2,1,0,1,0,2,7,20,1
McCartney,6,0,0,0,0,0,0,0,0,3,0,0,0,2,0,0,0,0,0,1,1,3,0,2,0,0,1,0,7,0,0,0,0,5,0,0,0,0,0,0,0,0,0,0,0,0,1,2,2,0,0,0,0,0,0,0,0,0,0,1,1,0,0,0,0,0,0,3,0,1,0,2,0,1,0,1,1,0,0,0,0,0,2,0,0,0,0,0,0,0,0,0,0,0,0,0,0,1,0,0
McCartney,2,0,6,0,0,0,0,3,1,3,2,0,0,1,0,0,0,0,0,0,0,0,0,0,1,0,0,1,10,0,0,0,1,10,2,0,5,1,0,5,0,0,0,0,0,0,7,2,1,0,2,3,5,4,0,0,0,0,0,3,0,0,2,0,0,0,0,4,0,0,0,3,0,1,0,0,5,1,8,0,0,0,8,0,0,0,2,0,0,0,0,0,0,0,1,1,0,0,0,0
McCartney,4,0,7,0,0,0,0,1,11,0,2,0,0,0,1,6,1,1,2,0,2,0,2,0,0,0,1,0,7,26,1,0,0,0,0,1,1,13,1,2,7,0,1,2,0,0,0,0,9,0,1,0,1,0,0,0,0,0,1,0,1,1,0,0,2,0,1,2,0,0,0,0,1,6,2,0,2,4,0,0,0,0,9,0,0,0,0,0,0,1,0,0,0,0,0,1,0,2,14,6
McCartney,0,0,2,0,0,0,0,4,0,0,0,0,0,0,0,2,0,3,0,0,0,0,2,0,0,0,0,0,0,0,0,0,0,4,0,0,0,9,0,2,2,0,0,0,0,0,4,2,2,0,12,0,0,2,0,0,0,0,3,0,0,2,4,4,0,0,0,4,0,0,0,0,7,2,0,2,0,4,0,0,0,0,4,0,0,0,0,0,0,0,2,0,0,0,0,2,0,0,26,0
McCartney,3,0,3,3,0,0,3,1,0,2,0,6,0,0,0,0,0,0,0,0,0,1,0,0,0,0,0,0,2,0,0,2,0,7,1,4,2,3,0,0,0,3,0,0,0,0,2,4,3,0,11,1,0,0,0,0,0,0,3,7,11,0,0,1,0,2,0,2,0,1,0,3,2,2,0,0,2,9,0,0,0,1,6,0,0,1,0,1,0,0,1,0,1,0,1,0,0,1,8,1
McCartney,0,0,8,0,1,0,0,0,0,0,0,0,0,0,0,0,0,0,0,0,0,0,0,0,0,0,0,0,11,0,0,0,1,19,1,5,0,0,1,1,0,0,0,2,3,2,3,0,0,0,1,2,0,2,2,0,0,0,2,0,3,0,1,0,0,0,0,0,0,0,1,4,1,1,0,0,3,3,6,0,0,0,0,0,0,2,0,2,4,5,1,4,0,0,0,7,0,1,1,0
McCartney,1,1,2,0,1,0,0,1,0,1,1,0,0,0,1,0,0,1,2,0,0,0,0,0,0,0,0,0,0,0,0,0,1,11,2,0,0,3,0,3,0,0,0,0,1,0,6,0,1,0,2,1,0,1,0,0,0,0,0,0,1,0,0,0,0,0,2,0,0,0,0,0,1,1,0,0,0,3,0,0,1,0,3,0,1,0,1,0,2,0,0,2,0,0,6,1,0,0,15,2
McCartney,2,0,6,0,0,0,0,0,0,3,0,2,0,4,0,0,0,0,1,0,0,0,2,0,0,0,2,0,0,0,0,0,0,13,0,2,0,0,0,3,0,0,0,9,0,1,2,0,0,0,0,2,0,0,0,0,0,0,2,0,0,0,4,0,0,0,0,0,0,0,1,0,7,0,0,0,2,10,0,0,0,2,1,0,1,1,0,0,0,0,0,0,0,0,2,0,0,1,6,0
McCartney,0,1,1,0,1,13,0,0,0,0,5,0,1,1,0,0,40,1,0,0,0,0,0,0,0,0,0,0,0,0,0,0,3,32,0,0,0,1,0,7,0,0,0,0,0,0,0,31,0,1,1,0,0,0,0,0,0,0,0,0,6,1,0,0,0,0,2,0,0,0,1,0,0,2,0,1,0,1,1,0,1,0,1,0,0,0,0,0,1,2,0,6,0,0,0,0,1,7,14,1
McCartney,2,0,1,1,0,1,0,0,0,4,0,0,0,0,0,3,1,0,0,0,0,0,2,0,0,0,2,0,0,0,0,0,0,16,0,0,2,0,0,2,0,0,0,0,0,10,2,8,0,0,6,0,0,0,0,0,6,0,0,3,1,0,0,1,0,0,6,0,0,0,0,0,0,4,0,2,0,7,1,0,0,0,0,0,2,0,0,1,0,0,2,0,2,4,0,0,0,2,32,2
McCartney,2,2,11,0,0,0,6,0,0,2,2,0,0,1,0,0,0,0,2,0,0,3,0,0,0,0,4,0,1,0,0,0,0,18,0,0,1,2,6,0,0,2,0,1,0,1,0,0,0,0,8,0,0,3,0,0,0,0,0,3,1,0,0,0,1,0,0,2,0,0,2,8,0,2,0,0,0,8,0,0,1,2,2,0,5,0,2,1,4,0,0,0,2,0,0,0,6,0,0,0
McCartney,2,0,0,0,3,1,0,0,0,0,0,1,0,0,0,0,0,0,0,0,0,0,0,0,0,0,0,0,0,0,1,0,6,0,0,1,1,0,0,0,0,1,0,0,0,0,0,0,2,0,0,0,1,1,2,0,0,0,0,0,0,1,0,0,0,0,0,1,0,0,3,0,0,1,0,0,1,5,0,3,0,0,5,0,0,1,0,0,0,0,0,1,0,0,0,0,0,0,5,5
McCartney,2,0,3,0,0,0,0,47,0,0,0,2,0,0,0,0,0,0,1,0,0,0,0,0,0,0,0,0,0,0,0,0,0,2,0,4,4,41,0,0,41,0,0,0,0,0,0,0,0,0,4,1,0,0,1,0,0,0,0,11,2,1,0,0,0,0,0,0,0,0,1,1,0,0,0,0,2,4,7,2,0,1,3,1,0,0,0,0,0,0,0,3,0,0,6,0,0,6,0,0
McCartney,0,0,0,0,0,0,0,4,0,0,0,0,0,0,16,1,0,0,0,0,0,0,0,0,0,0,0,0,0,1,0,0,0,8,0,0,0,0,0,4,0,1,0,4,0,0,26,0,0,0,16,0,0,0,0,0,0,0,1,0,1,0,0,0,0,4,0,0,0,0,0,0,4,1,0,0,0,0,0,0,0,0,2,0,0,0,0,0,0,0,0,0,0,1,0,0,0,2,10,0
McCartney,9,0,5,1,0,0,0,1,0,0,1,1,0,0,0,0,0,0,0,0,1,0,0,0,0,1,0,0,8,0,0,1,0,6,0,3,0,3,0,0,0,2,2,0,0,2,9,0,1,1,2,0,0,0,0,0,0,1,0,2,1,1,0,0,1,0,0,0,0,0,1,1,0,0,1,0,0,3,0,0,0,0,3,0,0,0,0,0,0,0,0,3,1,0,0,2,0,0,3,1
McCartney,1,0,0,0,0,0,0,0,0,0,0,2,0,0,0,0,0,0,11,0,0,0,0,0,0,0,0,0,0,0,0,0,0,0,0,0,4,0,0,0,0,0,0,0,0,0,0,0,0,0,0,0,0,0,0,0,0,0,0,0,0,0,0,0,0,0,0,0,0,0,0,0,0,0,9,0,0,16,0,0,0,0,8,22,0,0,0,0,0,0,0,0,0,0,0,0,0,0,9,0
McCartney,4,2,1,0,0,0,0,2,0,0,0,0,0,1,0,2,0,0,1,0,0,5,0,0,3,0,1,0,0,0,0,0,0,1,0,3,2,2,0,0,0,0,0,0,0,3,2,0,0,0,5,8,0,0,0,0,0,0,0,4,0,0,0,0,1,2,1,0,0,0,2,0,0,2,2,0,1,2,0,0,0,0,5,1,2,0,0,0,0,0,4,2,0,0,0,0,0,0,12,2
McCartney,4,1,2,1,0,0,2,1,0,3,1,2,0,0,0,0,3,0,0,3,2,0,2,0,0,0,0,5,4,0,2,1,0,2,0,3,0,0,0,0,0,0,0,0,0,0,0,0,0,0,0,0,0,0,1,0,2,0,0,0,8,3,1,0,1,0,0,7,1,1,0,5,2,0,1,2,3,10,0,0,0,1,4,1,0,4,0,0,1,0,0,2,0,0,0,1,0,0,1,0
McCartney,1,1,1,1,0,0,0,0,0,0,0,0,0,0,2,0,0,0,0,0,1,0,1,0,0,0,0,0,0,0,0,0,0,24,0,0,0,0,0,4,0,0,0,4,0,0,4,2,1,0,1,2,4,0,0,0,0,0,1,0,1,0,0,2,0,0,0,7,0,3,1,0,1,0,0,1,4,2,0,0,0,0,7,0,0,0,4,1,0,1,2,0,0,0,3,0,0,0,16,0
McCartney,3,1,0,0,0,0,0,0,0,0,0,0,0,1,0,0,0,0,1,0,0,0,0,0,0,0,0,0,1,0,0,0,0,1,0,1,0,0,0,0,0,0,0,0,1,0,0,1,0,0,1,1,0,0,0,0,0,0,0,2,0,0,0,0,0,0,0,3,0,0,1,1,0,0,0,0,0,2,0,0,0,0,1,0,0,0,0,0,0,0,0,0,0,0,0,0,0,0,0,0
McCartney,13,0,9,0,3,0,1,0,0,0,0,0,0,0,0,0,0,0,0,0,0,1,0,0,0,0,2,1,2,0,1,6,8,1,1,10,1,3,0,0,2,1,0,0,0,0,0,0,0,0,0,0,0,0,0,0,0,0,0,6,0,16,0,0,0,0,0,2,0,2,0,4,0,0,4,0,0,15,0,2,0,0,5,0,0,0,1,0,0,0,0,0,0,0,0,4,1,4,2,1
McCartney,0,0,4,0,0,0,0,0,0,0,0,0,2,0,4,1,5,0,0,0,0,0,0,0,0,0,0,0,0,0,0,0,0,15,2,0,0,2,0,4,1,0,0,7,0,0,0,0,2,0,17,0,4,7,0,4,0,0,0,0,4,0,0,0,0,2,0,0,0,0,0,0,0,5,0,3,1,0,0,0,0,0,0,0,0,0,0,0,0,4,0,8,0,0,0,0,0,0,23,0
McCartney,16,0,4,0,0,0,0,5,0,2,3,0,0,0,0,0,0,0,2,0,0,0,0,0,0,0,1,1,0,0,2,0,0,8,3,1,1,11,0,0,0,2,0,1,0,1,0,0,2,2,1,1,2,0,0,0,0,0,0,1,0,1,0,0,0,0,0,4,0,0,0,0,1,1,2,0,0,3,0,0,0,0,5,0,0,0,4,0,0,0,0,0,0,0,2,0,0,0,8,0
McCartney,12,1,14,0,1,0,4,0,0,0,0,1,0,0,0,0,0,1,1,2,0,0,1,0,0,0,1,2,0,0,3,0,0,2,1,17,10,1,0,0,0,1,1,0,0,0,0,0,0,0,0,8,0,1,0,0,0,0,0,4,0,1,0,0,0,0,0,3,0,1,1,3,0,0,0,0,1,16,5,0,0,0,2,0,0,0,0,0,1,0,0,0,0,0,0,2,0,0,0,0
McCartney,0,2,2,0,0,0,0,5,0,0,0,2,0,2,2,0,0,0,0,0,0,0,0,0,0,0,0,0,0,0,0,2,0,15,0,3,0,0,0,0,0,0,0,5,0,0,17,0,0,0,0,5,0,0,0,0,0,0,0,0,0,0,0,0,0,0,2,4,0,0,0,0,0,0,0,0,3,2,0,0,0,0,5,0,0,0,0,0,2,0,0,0,0,0,0,3,0,0,28,0
McCartney,6,0,11,0,1,0,1,2,2,2,0,2,0,2,0,0,0,0,0,0,1,1,0,1,1,0,0,7,3,0,7,0,0,4,0,8,1,4,0,0,1,1,0,2,0,0,0,1,0,1,0,0,0,0,0,1,0,0,4,4,1,2,2,3,1,0,0,5,4,0,0,2,1,1,0,0,2,10,1,0,0,0,5,0,0,2,0,0,0,0,0,0,0,0,0,3,0,3,1,1
McCartney,0,0,1,0,0,0,0,0,0,1,0,0,0,0,0,0,0,0,0,0,1,0,1,0,0,0,1,0,0,0,0,0,0,0,0,0,0,4,0,0,0,1,0,0,0,0,0,0,0,0,0,0,0,0,0,0,0,0,0,0,0,0,2,1,0,0,2,13,0,0,0,0,0,0,0,0,0,2,0,0,0,1,2,0,0,0,0,0,4,0,0,0,0,0,0,0,0,0,2,0
McCartney,4,2,5,0,0,0,1,1,0,2,0,0,0,0,0,1,0,0,1,0,0,0,3,0,0,0,0,1,0,0,0,2,0,3,0,1,0,3,0,1,2,2,0,0,0,0,2,0,0,0,1,0,0,0,0,0,0,0,0,1,0,0,1,1,1,0,3,10,0,0,0,0,2,1,2,0,1,7,0,2,0,0,11,0,2,1,2,0,4,0,0,1,0,0,1,1,0,1,9,0
McCartney,4,0,5,0,1,0,0,0,0,2,0,0,0,1,0,0,0,0,0,0,0,0,0,0,0,1,0,0,5,0,0,0,0,4,0,1,0,0,0,0,0,0,0,0,0,1,0,0,0,0,3,0,0,0,0,0,2,0,2,1,3,4,0,0,1,0,0,4,1,1,2,9,1,4,0,2,1,8,0,0,0,0,6,0,0,0,0,0,0,1,1,0,0,0,0,0,0,1,0,0
McCartney,9,1,3,0,0,0,0,0,0,0,0,0,1,0,0,9,0,0,0,0,3,0,0,0,0,0,0,0,4,0,0,0,0,10,0,0,1,0,1,6,0,0,0,0,0,0,12,0,1,2,20,6,0,2,0,3,0,0,0,0,0,3,0,6,0,0,0,15,0,1,1,23,0,12,0,3,7,3,0,0,0,1,5,0,0,0,0,0,0,1,0,3,0,1,2,0,0,0,0,0
McCartney,1,0,1,0,3,1,0,0,0,0,0,0,1,1,1,0,1,0,3,1,1,0,0,0,0,0,1,0,4,0,1,5,1,0,0,0,5,0,0,0,0,0,0,0,0,0,0,0,0,1,1,0,0,0,0,0,0,0,0,1,0,0,0,0,0,0,0,5,0,1,0,14,4,0,0,0,3,9,1,0,0,0,4,1,0,1,0,0,0,0,0,0,0,1,0,0,0,0,0,0
McCartney,0,0,1,0,0,0,0,2,0,0,4,0,0,1,0,1,0,0,0,0,4,0,0,0,0,0,0,0,0,0,0,0,2,7,3,1,7,3,0,0,1,0,0,1,0,1,0,3,1,0,14,0,0,1,0,3,0,0,8,1,0,0,2,0,0,0,0,0,0,0,12,0,0,3,1,6,2,1,0,0,0,3,9,3,0,0,0,0,1,0,10,0,0,0,3,0,0,0,19,6
McCartney,0,0,1,1,0,0,0,1,0,0,0,0,0,0,0,0,0,0,0,0,0,0,1,0,0,0,0,0,0,0,0,0,0,0,0,2,1,0,0,0,0,0,0,0,0,0,27,0,1,0,0,1,0,0,0,0,0,0,0,0,1,0,0,0,0,0,0,0,0,0,0,0,0,0,1,0,0,3,0,0,0,0,2,0,0,0,0,0,0,0,0,0,0,0,0,0,0,1,27,0
McCartney,4,0,16,0,0,0,0,0,0,5,2,0,0,2,1,1,4,1,0,0,0,0,4,0,0,0,0,8,0,0,5,0,0,0,0,5,1,0,1,2,0,2,0,0,0,0,0,0,1,2,0,0,0,4,0,0,0,0,0,1,9,6,0,0,0,0,1,1,0,0,9,0,0,1,0,1,2,26,0,4,0,0,6,0,0,0,2,1,0,1,1,0,0,0,0,1,0,0,0,0
McCartney,3,0,6,0,0,0,2,0,0,1,0,0,2,1,0,2,0,0,1,0,0,0,0,0,0,0,0,0,0,0,0,0,0,4,0,0,0,1,0,2,1,0,0,1,7,0,0,0,0,0,12,0,0,2,1,0,0,0,0,1,0,0,0,0,0,0,0,0,0,0,0,0,0,2,0,0,3,8,0,2,0,4,6,0,4,0,0,2,0,0,0,0,0,1,1,0,0,4,3,4
McCartney,2,0,0,0,0,0,0,0,0,0,0,0,2,0,0,0,0,0,0,0,0,0,0,0,0,0,2,0,0,0,0,0,0,11,0,2,2,2,0,0,0,6,0,0,0,0,2,0,2,0,7,0,0,0,10,0,0,0,2,2,0,0,0,0,0,0,0,0,2,0,0,0,5,0,0,2,0,6,0,0,2,0,0,0,0,4,0,0,4,0,0,5,0,0,2,0,0,0,17,4
McCartney,4,2,6,0,0,0,0,6,0,0,0,0,0,1,0,0,0,0,0,0,0,6,3,0,0,0,1,0,0,0,0,0,0,6,1,3,4,0,2,1,0,0,0,4,0,0,14,3,2,0,6,0,0,0,0,0,3,0,0,2,0,4,2,2,0,0,3,2,4,7,0,0,2,1,0,0,4,7,0,0,4,3,11,0,0,0,0,0,14,0,0,4,0,0,6,0,0,0,10,0
McCartney,1,0,7,0,0,0,4,0,1,0,0,0,0,0,0,0,0,0,0,0,3,0,5,0,0,0,2,0,1,0,0,17,0,3,0,3,0,1,0,0,0,0,0,0,0,0,0,0,0,0,4,1,0,0,0,0,1,0,0,4,0,13,1,0,2,0,13,2,0,0,0,0,0,0,0,0,2,5,0,0,0,0,0,0,0,0,0,12,13,0,0,0,0,0,0,0,0,0,7,0
McCartney,2,0,4,0,0,0,0,4,0,0,0,0,2,0,9,0,0,1,2,0,0,2,0,2,0,3,0,0,0,0,0,0,0,3,0,1,0,7,0,0,0,0,0,0,0,1,2,1,0,0,11,0,2,0,0,1,0,0,0,4,0,0,0,0,0,2,9,5,0,0,0,0,3,0,0,0,2,0,1,0,0,0,10,0,2,0,0,0,0,0,9,0,0,3,0,0,0,0,20,2
McCartney,8,0,3,0,0,0,0,3,0,0,2,0,0,0,1,0,0,0,3,1,1,0,1,0,0,0,1,0,0,0,0,0,0,7,3,2,0,1,0,0,0,0,0,1,0,0,0,3,0,0,10,1,3,0,0,0,1,0,1,3,0,1,0,0,1,0,0,1,0,2,0,0,0,0,0,0,0,6,0,0,0,0,2,0,0,0,0,0,2,0,1,5,0,0,7,1,0,0,13,4
McCartney,0,0,0,0,0,0,0,3,0,0,0,0,0,0,14,15,0,0,0,0,0,0,0,0,0,0,0,0,0,0,0,0,0,0,0,15,0,16,0,0,0,0,0,0,0,0,0,0,0,0,0,0,0,0,0,3,0,0,0,0,0,0,3,0,0,0,0,0,0,0,0,0,0,15,0,0,0,15,0,0,0,0,0,0,0,0,0,0,15,0,0,0,0,15,3,0,0,0,0,0
McCartney,0,0,0,0,0,0,0,0,0,0,0,0,0,0,0,0,0,0,0,0,0,0,0,0,0,0,0,0,0,0,0,0,0,1,0,0,0,0,0,0,0,0,0,0,0,0,1,0,0,0,0,0,0,0,0,0,0,0,0,0,0,0,0,0,0,0,0,0,0,0,0,0,0,0,0,0,0,0,0,0,0,0,0,0,0,0,0,0,0,0,0,0,0,0,0,0,0,0,1,0
McCartney,16,1,3,0,1,0,0,2,0,1,1,0,0,1,6,0,0,1,0,14,9,0,0,4,0,0,0,0,0,0,0,0,1,21,1,1,1,4,1,1,0,0,14,2,0,0,6,3,0,0,2,15,4,0,0,1,1,0,0,3,5,1,0,0,4,0,0,1,0,0,1,0,0,1,0,1,1,4,0,0,0,1,5,1,0,0,2,0,0,0,3,2,0,0,0,14,2,0,9,1
McCartney,10,10,5,1,0,0,0,0,0,0,0,0,0,0,0,0,0,0,0,0,0,0,0,0,0,0,0,1,0,0,1,0,0,1,0,12,1,1,0,0,0,0,0,0,0,0,0,0,0,1,0,0,1,0,0,0,0,0,0,8,0,1,1,0,0,0,0,0,0,0,0,0,1,0,0,0,0,8,0,0,0,0,3,0,0,1,0,0,13,0,0,0,1,0,0,0,0,0,0,0
McCartney,3,1,0,0,0,0,0,1,0,0,0,0,0,0,0,2,0,0,2,0,0,0,2,0,0,0,0,0,0,0,0,0,0,13,0,3,0,1,0,2,0,0,0,0,2,1,2,1,0,1,1,1,2,0,0,0,1,0,5,0,4,0,0,0,0,0,1,1,2,2,0,4,1,4,0,0,0,1,1,1,0,0,8,0,0,2,0,0,0,0,0,0,0,2,0,0,0,0,0,0
McCartney,0,10,3,0,0,0,1,1,0,1,0,0,0,0,0,0,2,2,0,1,1,0,14,0,9,1,0,0,0,0,0,0,0,3,0,3,0,1,0,0,0,0,0,1,0,0,0,0,0,0,2,2,0,2,0,2,0,0,0,3,2,1,11,2,1,0,0,1,0,0,1,0,0,0,0,0,3,7,0,0,0,0,14,1,0,0,0,0,1,0,0,0,0,0,0,0,1,0,5,2
McCartney,0,0,6,3,0,0,0,0,0,2,3,0,0,2,0,2,0,2,0,0,2,2,2,0,0,0,3,0,0,0,0,0,0,18,5,0,0,4,2,1,0,2,0,0,2,0,0,0,0,0,8,2,0,0,0,0,0,0,0,0,0,2,0,0,0,0,2,1,0,1,8,0,4,16,0,0,1,3,0,2,0,5,6,1,2,3,2,0,1,0,2,1,0,1,1,2,2,0,16,2
McCartney,10,2,3,0,0,0,0,0,0,0,0,0,0,0,0,0,0,0,0,0,2,0,0,0,0,0,0,0,0,0,0,0,0,0,0,0,0,2,0,14,2,0,0,0,8,0,0,0,0,0,1,0,0,0,0,0,0,0,0,0,0,0,0,0,0,0,0,2,0,0,0,4,0,0,0,0,3,0,0,0,0,4,2,3,0,10,0,0,0,0,0,0,0,0,0,0,0,0,0,18
